comment_id,source,text,order_id,sku_id,vendor_id,vendor_city,category,size_bought,colour_raw,return_reason_code,star_rating,created_at
C-00180,return,"gift ke liye liya tha, zaroorat nahi rahi",ORD-4121530,SKU-0716,V-07,Tiruppur,Kurtis,36,laal,Other,,2026-09-01
C-01108,review,"kamar pe loose hai, baaki theek 👎",ORD-4141239,SKU-0802,V-08,Jaipur,Kids tees,Age 2,mustard,,2,2026-09-23
C-00991,return,LENGTH IS TOO SHORT FOR ME 👎,ORD-4794182,SKU-0405,V-04,Tiruppur,Kids tees,2Y,pink,Other,,2026-09-17
C-00300,review,dhone pe rang nikal gaya aur sikud gaya,ORD-4507420,SKU-0112,V-01,Tiruppur,Kurtis,S,Navy Blue,,2,2026-09-14
C-01022,review,dusra pasand aa gaya isliye wapas refund chahiye,ORD-4652316,SKU-0411,V-04,Tiruppur,Kids tees,2Y,peach,,2,2026-09-06
C-00588,return,packet khula hua aaya tha plz jaldi refund karo,ORD-4242447,SKU-1213,V-12,Jaipur,Dresses,Medium,Maroon ,Other,,2026-09-17
C-00697,return,galti se order ho gaya tha paisa waste,ORD-4919550,SKU-0507,V-05,Tiruppur,Dresses,S,Maroon ,Other,,2026-09-03
C-01236,return,kalar alag hai photo se plz jaldi refund karo,ORD-4734821,SKU-1810,V-18,Tiruppur,Leggings,L,Navy Blue,Other,,2026-09-21
C-00749,return,"kamar pe tight hai, saans nahi aati yaar",ORD-4419883,SKU-0602,V-06,Jaipur,Dresses,40,mustrd,Other,,2026-09-16
C-01395,review,"SIZE BADA NIKLA, EK SIZE CHHOTA MANGWANA PADA",ORD-4395425,SKU-2001,V-20,Jaipur,Leggings,XL,maroon,,1,2026-09-18
C-00589,review,"galat product aaya, maine ye nahi mangwaya 👎",ORD-4944158,SKU-1214,V-12,Jaipur,Dresses,Large,red,,2,2026-09-14
C-02013,review,"साइज़ छोटा है, बहुत टाइट है return kar diya",ORD-4770664,SKU-0608,V-06,Jaipur,Dresses,42,mustard,,3,2026-09-28
C-01581,return,"pic me maroon tha, ye to laal hai",ORD-4798518,SKU-2206,V-22,Jaipur,Palazzo,36,pink,Other,,2026-09-10
C-00096,return,"short hai, function me nahi pehen sakti refund chahiye",ORD-4749499,SKU-0712,V-07,Tiruppur,Kurtis,38,mustrd,Other,,2026-09-29
C-01636,review,"kapda patla hai, ek dhulai me kharab ho gaya refund chahiye",ORD-4939961,SKU-2217,V-22,Jaipur,Palazzo,36,mustard,,1,2026-09-30
C-01011,return,theek nahi laga,ORD-4893673,SKU-0410,V-04,Tiruppur,Kids tees,6Y,nevy,Other,,2026-09-14
C-00661,return,"gift ke liye liya tha, zaroorat nahi rahi return kar diya",ORD-4184548,SKU-0514,V-05,Tiruppur,Dresses,XL,pink,Other,,2026-10-04
C-00668,review,color is different from the picture refund chahiye,ORD-4377823,SKU-0509,V-05,Tiruppur,Dresses,XL,MRN,,1,2026-09-23
C-01106,review,"fitting ajeeb hai, shape theek nahi",ORD-4332921,SKU-0815,V-08,Jaipur,Kids tees,Age 8,mustard,,2,2026-10-04
C-01415,return,"length bohot kam hai, photo me lamba dikh raha tha refund chahiye",ORD-4584358,SKU-2003,V-20,Jaipur,Leggings,M,Black,Other,,2026-09-22
C-01589,return,"arrived after the wedding, no use now yaar",ORD-4506257,SKU-2217,V-22,Jaipur,Palazzo,42,maroon,Other,,2026-09-18
C-01463,return,"pic me maroon tha, ye to laal hai return kar diya",ORD-4977088,SKU-2003,V-20,Jaipur,Leggings,XL,mustrd,Other,,2026-09-25
C-01851,return,stitching is poor and thread coming out,ORD-4461827,SKU-0903,V-09,Jaipur,Kurtas,X-Large,black,Other,,2026-09-24
C-01453,return,color is different from the picture return kar diya,ORD-4023773,SKU-2011,V-20,Jaipur,Leggings,S,mustard,Other,,2026-09-21
C-01246,return,"fabric cheap lagta hai, photo jaisa nahi yaar",ORD-4155662,SKU-1817,V-18,Tiruppur,Leggings,M,MRN,Other,,2026-09-21
C-00509,return,cut sahi nahi baithta body pe yaar,ORD-4911879,SKU-1220,V-12,Jaipur,Dresses,Large,black,Other,,2026-09-24
C-01822,return,"साइज़ छोटा है, बहुत टाइट है",ORD-4262302,SKU-0904,V-09,Jaipur,Kurtas,Medium,laal,Other,,2026-09-06
C-01916,return,length is too short for me yaar,ORD-4030242,SKU-1102,V-11,Tiruppur,Kurtas,XL,MRN,Other,,2026-09-07
C-01523,return,"kamar pe loose hai, baaki theek",ORD-4256415,SKU-2205,V-22,Jaipur,Palazzo,42,Maroon ,Other,,2026-09-18
C-01478,review,color alag hai photo se paisa waste,ORD-4240947,SKU-2003,V-20,Jaipur,Leggings,XL,peach,,1,2026-09-06
C-01768,return,baju bhot tite hai,ORD-4916660,SKU-0920,V-09,Jaipur,Kurtas,Large,Black,Other,,2026-09-30
C-00885,review,bacche ko bohot dheela hai,ORD-4168461,SKU-0310,V-03,Tiruppur,Kids tees,4-5 yrs,red,,2,2026-09-15
C-00845,return,kapda patla hai aur dheela bhi hai paisa waste,ORD-4104049,SKU-0303,V-03,Tiruppur,Kids tees,8-9 yrs,mustard,Other,,2026-10-01
C-01242,return,packet khula hua aaya tha,ORD-4462645,SKU-1815,V-18,Tiruppur,Leggings,S,red,Other,,2026-10-03
C-01542,return,"baju chhoti hai, kalai tak nahi aati",ORD-4562510,SKU-2209,V-22,Jaipur,Palazzo,36,navy,Other,,2026-09-20
C-01074,return,baju bhot tight hai,ORD-4289321,SKU-0817,V-08,Jaipur,Kids tees,Age 4,mehroon,Other,,2026-08-30
C-01922,return,"baju lambi hai, mod ke pehenna padta plz jaldi refund karo",ORD-4511917,SKU-1117,V-11,Tiruppur,Kurtas,L,pink,Other,,2026-08-28
C-01017,return,wapas kar diya bas plz jaldi refund karo,ORD-4152671,SKU-0413,V-04,Tiruppur,Kids tees,4Y,mehroon,Other,,2026-09-24
C-01174,return,wapas kar diya bas yaar,ORD-4816395,SKU-0810,V-08,Jaipur,Kids tees,Age 2,mehroon,Other,,2026-09-29
C-00228,return,kapda patla hai aur dheela bhi hai plz jaldi refund karo,ORD-4240376,SKU-0106,V-01,Tiruppur,Kurtis,XL,maroon,Other,,2026-09-04
C-01720,return,"gift ke liye liya tha, zaroorat nahi rahi return kar diya",ORD-4862106,SKU-2315,V-23,Tiruppur,Palazzo,M,laal,Other,,2026-09-13
C-01828,return,"arrived after the wedding, no use now plz jaldi refund karo",ORD-4746285,SKU-0911,V-09,Jaipur,Kurtas,Small,navy,Other,,2026-10-03
C-00579,return,"kapda patla hai, ek dhulai me kharab ho gaya plz jaldi refund karo",ORD-4711564,SKU-1220,V-12,Jaipur,Dresses,X-Large,Maroon ,Other,,2026-09-11
C-00445,review,"PIC ME MAROON THA, YE TO LAAL HAI",ORD-4462769,SKU-0211,V-02,Jaipur,Kurtis,X-Large,Navy Blue,,1,2026-09-16
C-00953,return,"TOO TITE ON THE CHEST, HAD TO RETURN",ORD-4935197,SKU-0403,V-04,Tiruppur,Kids tees,8Y,Black,Other,,2026-08-26
C-02007,review,DHONE PE RANG NIKAL GAYA AUR SIKUD GAYA,ORD-4539662,SKU-1115,V-11,Tiruppur,Kurtas,L,mehroon,,3,2026-09-06
C-00951,review,"साइज़ छोटा है, बहुत टाइट है",ORD-4431862,SKU-0408,V-04,Tiruppur,Kids tees,4Y,mehroon,,2,2026-09-21
C-01284,review,"LENGTH BAHUT KAM HAI, PHOTO ME LAMBA DIKH RAHA THA",ORD-4734622,SKU-1920,V-19,Tiruppur,Leggings,Large,Maroon ,,1,2026-09-29
C-01141,return,dhone pe rang nikal gaya aur sikud gaya refund chahiye,ORD-4571734,SKU-0816,V-08,Jaipur,Kids tees,Age 2,maroon,Other,,2026-09-12
C-01449,return,"shoulder se tight hai, haath nahi uthta yaar",ORD-4200746,SKU-2017,V-20,Jaipur,Leggings,XL,nevy,Other,,2026-10-02
C-00655,return,"shoulder se tight hai, haath nahi uthta",ORD-4237027,SKU-0520,V-05,Tiruppur,Dresses,S,Maroon ,Other,,2026-09-12
C-01990,review,"tag nahi tha, used lag raha tha plz jaldi refund karo",ORD-4737300,SKU-1120,V-11,Tiruppur,Kurtas,L,pink,,2,2026-09-09
C-01809,return,"kamar pe loose hai, baaki theek 👎",ORD-4627957,SKU-0904,V-09,Jaipur,Kurtas,Medium,MRN,Other,,2026-09-07
C-00481,return,"length bahut kam hai, photo me lamba dikh raha tha yaar",ORD-4396904,SKU-1201,V-12,Jaipur,Dresses,Large,Navy Blue,Other,,2026-10-03
C-00202,return,dhone pe rang nikal gaya aur sikud gaya yaar,ORD-4102372,SKU-0717,V-07,Tiruppur,Kurtis,42,maroon,Other,,2026-09-30
C-00601,return,"bust pe bahut tite, return kar diya refund chahiye",ORD-4639435,SKU-0513,V-05,Tiruppur,Dresses,M,pink,Other,,2026-09-09
C-00176,return,"DELIVERY BAHUT DER SE HUI, AB ZAROORAT NAHI",ORD-4185570,SKU-0704,V-07,Tiruppur,Kurtis,42,nevy,Other,,2026-10-02
C-00721,review,"shoulder se tight hai, haath nahi uthta return kar diya",ORD-4767005,SKU-0611,V-06,Jaipur,Dresses,38,mustard,,1,2026-09-27
C-00978,review,late aaya aur length bhi kam hai paisa waste,ORD-4153649,SKU-0420,V-04,Tiruppur,Kids tees,2Y,pink,,3,2026-09-06
C-00419,return,"कपड़ा बहुत पतला है, घटिया क्वालिटी",ORD-4870720,SKU-0212,V-02,Jaipur,Kurtis,Small,peach,Other,,2026-09-14
C-00011,return,cut sahi nahi baithta body pe refund chahiye,ORD-4697880,SKU-0702,V-07,Tiruppur,Kurtis,42,mehroon,Other,,2026-09-13
C-00376,review,kalar alag tha aur size bhi chhota 👎,ORD-4566520,SKU-0214,V-02,Jaipur,Kurtis,Large,Black,,3,2026-09-20
C-01194,review,"shoulder se tight hai, haath nahi uthta",ORD-4795176,SKU-1808,V-18,Tiruppur,Leggings,M,mustard,,1,2026-09-15
C-00811,return,"pic me maroon tha, ye to laal hai yaar",ORD-4806351,SKU-0611,V-06,Jaipur,Dresses,38,blk,Other,,2026-08-29
C-01061,return,"bohot lamba hai, zameen pe lag raha paisa waste",ORD-4096596,SKU-0802,V-08,Jaipur,Kids tees,Age 8,mehroon,Other,,2026-10-04
C-00299,review,"rang halka hai, website pe dark tha return kar diya",ORD-4548347,SKU-0106,V-01,Tiruppur,Kurtis,M,mehroon,,1,2026-10-01
C-01110,review,"kamar pe tite hai, saans nahi aati",ORD-4763018,SKU-0804,V-08,Jaipur,Kids tees,Age 8,laal,,2,2026-09-12
C-00712,return,stitching is poor and thread coming out,ORD-4565538,SKU-0510,V-05,Tiruppur,Dresses,S,laal,Other,,2026-09-20
C-01777,return,ghutne se upar aa raha hai paisa waste,ORD-4501706,SKU-0914,V-09,Jaipur,Kurtas,X-Large,black,Other,,2026-08-30
C-01101,review,"fitting sahi nahi, ek size bada lena padega plz jaldi refund karo",ORD-4851642,SKU-0817,V-08,Jaipur,Kids tees,Age 2,laal,,1,2026-08-29
C-01596,return,galti se order ho gaya tha refund chahiye,ORD-4441121,SKU-2213,V-22,Jaipur,Palazzo,42,mustrd,Other,,2026-10-03
C-01798,return,"too loose, looks like a sack yaar",ORD-4418780,SKU-0915,V-09,Jaipur,Kurtas,Large,laal,Other,,2026-09-18
C-01771,return,"length bohot kam hai, photo me lamba dikh raha tha 👎",ORD-4923857,SKU-0912,V-09,Jaipur,Kurtas,Large,Navy Blue,Other,,2026-09-01
C-01886,return,kapda patla hai aur dheela bhi hai return kar diya,ORD-4220084,SKU-1106,V-11,Tiruppur,Kurtas,L,Maroon ,Other,,2026-09-25
C-01830,return,"arrived after the wedding, no use now refund chahiye",ORD-4526738,SKU-0902,V-09,Jaipur,Kurtas,Medium,maroon,Other,,2026-09-04
C-00068,review,"साइज़ छोटा है, बहुत टाइट है",ORD-4598443,SKU-0701,V-07,Tiruppur,Kurtis,38,maroon,,1,2026-09-23
C-01592,review,jaisa socha tha waisa nahi nikla plz jaldi refund karo,ORD-4149956,SKU-2218,V-22,Jaipur,Palazzo,38,laal,,1,2026-09-07
C-01895,return,ghutne se upar aa raha hai yaar,ORD-4856730,SKU-1120,V-11,Tiruppur,Kurtas,S,black,Other,,2026-09-03
C-00957,return,"kamar pe loose hai, baaki theek",ORD-4393266,SKU-0403,V-04,Tiruppur,Kids tees,2Y,nevy,Other,,2026-08-29
C-00956,review,"बहुत ढीला है, बड़ा साइज़ आ गया",ORD-4370422,SKU-0406,V-04,Tiruppur,Kids tees,2Y,Maroon ,,3,2026-09-20
C-00356,review,"length bhot kam hai, photo me lamba dikh raha tha 👎",ORD-4058387,SKU-0215,V-02,Jaipur,Kurtis,Small,Black,,1,2026-09-23
C-00645,return,"kamar pe loose hai, baaki theek 👎",ORD-4809461,SKU-0518,V-05,Tiruppur,Dresses,S,mustard,Other,,2026-09-19
C-00243,review,"साइज़ छोटा है, बहुत टाइट है 👎",ORD-4258780,SKU-0111,V-01,Tiruppur,Kurtis,M,Maroon ,,1,2026-09-13
C-01087,return,"fitting sahi nahi, ek size bada lena padega plz jaldi refund karo",ORD-4602088,SKU-0817,V-08,Jaipur,Kids tees,Age 2,mustard,Other,,2026-09-02
C-01285,return,"kamar pe tight hai, saans nahi aati paisa waste",ORD-4527081,SKU-1911,V-19,Tiruppur,Leggings,Medium,laal,Other,,2026-08-25
C-01823,review,??,ORD-4370201,SKU-0905,V-09,Jaipur,Kurtas,X-Large,pink,,3,2026-10-02
C-01056,review,dusra pasand aa gaya isliye wapas refund chahiye,ORD-4953331,SKU-0420,V-04,Tiruppur,Kids tees,6Y,navy,,3,2026-09-28
C-01908,review,"length bhot kam hai, photo me lamba dikh raha tha refund chahiye",ORD-4195843,SKU-1107,V-11,Tiruppur,Kurtas,S,navy,,2,2026-08-30
C-01375,review,"kapda patla hai, ek dhulai me kharab ho gaya return kar diya",ORD-4461839,SKU-1920,V-19,Tiruppur,Leggings,X-Large,Navy Blue,,2,2026-08-27
C-01652,return,"kamar pe tight hai, saans nahi aati 👎",ORD-4811878,SKU-2308,V-23,Tiruppur,Palazzo,S,nevy,Other,,2026-09-05
C-01797,return,"length bahut kam hai, photo me lamba dikh raha tha",ORD-4910880,SKU-0918,V-09,Jaipur,Kurtas,Small,navy,Other,,2026-09-17
C-00590,return,dhone pe rang nikal gaya aur sikud gaya 👎,ORD-4368938,SKU-1216,V-12,Jaipur,Dresses,Small,blk,Other,,2026-09-04
C-01326,review,ghutne se upar aa raha hai plz jaldi refund karo,ORD-4206525,SKU-1917,V-19,Tiruppur,Leggings,Medium,Navy Blue,,1,2026-09-19
C-01138,return,"delivery bahut der se hui, ab zaroorat nahi",ORD-4732658,SKU-0816,V-08,Jaipur,Kids tees,Age 8,mustard,Other,,2026-09-15
C-01751,return,"pic me maroon tha, ye to laal hai return kar diya",ORD-4435461,SKU-2308,V-23,Tiruppur,Palazzo,M,pink,Other,,2026-09-03
C-01126,review,STITCHING IS POOR AND THREAD COMING OUT refund chahiye,ORD-4229050,SKU-0807,V-08,Jaipur,Kids tees,Age 2,Black,,1,2026-09-14
C-00030,return,late aaya aur length bhi kam hai yaar,ORD-4751202,SKU-0706,V-07,Tiruppur,Kurtis,42,Black,Other,,2026-09-22
C-00799,return,"delivery bhot der se hui, ab zaroorat nahi",ORD-4199839,SKU-0606,V-06,Jaipur,Dresses,40,Maroon ,Other,,2026-08-24
C-00875,review,"too loose, looks like a sack paisa waste",ORD-4356822,SKU-0320,V-03,Tiruppur,Kids tees,8-9 yrs,Black,,3,2026-09-19
C-01937,return,"too loose, looks like a sack return kar diya",ORD-4533865,SKU-1107,V-11,Tiruppur,Kurtas,XL,Navy Blue,Other,,2026-09-15
C-01919,return,"साइज़ छोटा है, बहुत टाइट है",ORD-4809527,SKU-1119,V-11,Tiruppur,Kurtas,L,Black,Other,,2026-09-17
C-01334,review,"fabric cheap lagta hai, photo jaisa nahi",ORD-4956674,SKU-1909,V-19,Tiruppur,Leggings,Small,mehroon,,2,2026-09-18
C-00576,return,dusra pasand aa gaya isliye wapas refund chahiye,ORD-4153328,SKU-1208,V-12,Jaipur,Dresses,Large,black,Other,,2026-09-01
C-01578,review,"kamar pe loose hai, baaki theek plz jaldi refund karo",ORD-4519376,SKU-2205,V-22,Jaipur,Palazzo,40,mustard,,1,2026-10-02
C-00858,return,"size bada nikla, ek size chhota mangwana pada yaar",ORD-4582066,SKU-0301,V-03,Tiruppur,Kids tees,6-7 yrs,Black,Other,,2026-09-22
C-02018,return,"baju chhoti hai, kalai tak nahi aati plz jaldi refund karo",ORD-4871616,SKU-1218,V-12,Jaipur,Dresses,X-Large,Navy Blue,Other,,2026-09-05
C-01548,review,"kamar pe loose hai, baaki theek 👎",ORD-4979631,SKU-2208,V-22,Jaipur,Palazzo,42,mustard,,2,2026-09-16
C-01521,return,late aaya aur length bhi kam hai paisa waste,ORD-4809659,SKU-2209,V-22,Jaipur,Palazzo,38,Navy Blue,Other,,2026-08-31
C-00269,review,"rang alag hai, upar se bust pe tight yaar",ORD-4622010,SKU-0102,V-01,Tiruppur,Kurtis,XL,navy,,1,2026-10-04
C-01154,review,dusra pasand aa gaya isliye wapas plz jaldi refund karo,ORD-4497152,SKU-0812,V-08,Jaipur,Kids tees,Age 2,Black,,1,2026-09-23
C-00876,return,"kamar pe loose hai, baaki theek",ORD-4396660,SKU-0313,V-03,Tiruppur,Kids tees,4-5 yrs,Maroon ,Other,,2026-09-17
C-00649,return,"BAHUT LAMBA HAI, ZAMEEN PE LAG RAHA refund chahiye",ORD-4786355,SKU-0507,V-05,Tiruppur,Dresses,XL,red,Other,,2026-09-30
C-01601,return,"galat product aaya, maine ye nahi mangwaya return kar diya",ORD-4183640,SKU-2217,V-22,Jaipur,Palazzo,40,nevy,Other,,2026-09-04
C-00604,review,CUT SAHI NAHI BAITHTA BODY PE yaar,ORD-4574741,SKU-0519,V-05,Tiruppur,Dresses,S,maroon,,2,2026-09-13
C-01119,return,"baju chhoti hai, kalai tak nahi aati",ORD-4526440,SKU-0812,V-08,Jaipur,Kids tees,Age 6,MRN,Other,,2026-09-03
C-00396,review,"too loose, looks like a sack plz jaldi refund karo",ORD-4892893,SKU-0220,V-02,Jaipur,Kurtis,Small,black,,1,2026-09-29
C-00502,review,LATE AAYA AUR LENGTH BHI KAM HAI,ORD-4209711,SKU-1211,V-12,Jaipur,Dresses,Small,Maroon ,,1,2026-09-22
C-00638,return,"short hai, function me nahi pehen sakti yaar",ORD-4555817,SKU-0515,V-05,Tiruppur,Dresses,S,navy,Other,,2026-09-14
C-01201,return,"shoulder se tight hai, haath nahi uthta refund chahiye",ORD-4717549,SKU-1802,V-18,Tiruppur,Leggings,L,MRN,Other,,2026-09-13
C-00964,return,"size bada nikla, ek size chhota mangwana pada refund chahiye",ORD-4813075,SKU-0404,V-04,Tiruppur,Kids tees,6Y,Maroon ,Other,,2026-09-07
C-00678,return,dusra pasand aa gaya isliye wapas,ORD-4041062,SKU-0511,V-05,Tiruppur,Dresses,S,laal,Other,,2026-09-16
C-01067,review,"size bada nikla, ek size chhota mangwana pada",ORD-4620092,SKU-0810,V-08,Jaipur,Kids tees,Age 6,Black,,1,2026-09-30
C-01607,return,"PIC ME MAROON THA, YE TO LAAL HAI",ORD-4011615,SKU-2204,V-22,Jaipur,Palazzo,38,maroon,Other,,2026-09-20
C-00512,return,length is too short for me return kar diya,ORD-4334798,SKU-1202,V-12,Jaipur,Dresses,Large,mustrd,Other,,2026-10-01
C-01330,review,"baju chhoti hai, kalai tak nahi aati",ORD-4403259,SKU-1910,V-19,Tiruppur,Leggings,X-Large,pink,,1,2026-09-29
C-00757,return,ghutne se upar aa raha hai 👎,ORD-4756030,SKU-0616,V-06,Jaipur,Dresses,40,mehroon,Other,,2026-09-11
C-01724,return,ACCHA NAHI HAI YE return kar diya,ORD-4734823,SKU-2316,V-23,Tiruppur,Palazzo,XL,mehroon,Other,,2026-08-31
C-00909,return,"rang halka hai, website pe dark tha plz jaldi refund karo",ORD-4385668,SKU-0313,V-03,Tiruppur,Kids tees,4-5 yrs,Black,Other,,2026-09-15
C-01259,return,stitching is poor and thread coming out 👎,ORD-4171176,SKU-1811,V-18,Tiruppur,Leggings,XL,blk,Other,,2026-09-19
C-01184,review,"chest pe fit nahi aa raha, chhota hai",ORD-4613417,SKU-1813,V-18,Tiruppur,Leggings,L,mehroon,,2,2026-09-13
C-00524,return,"short hai, function me nahi pehen sakti return kar diya",ORD-4404929,SKU-1211,V-12,Jaipur,Dresses,X-Large,Navy Blue,Other,,2026-09-23
C-01554,review,"baju chhoti hai, kalai tak nahi aati 👎",ORD-4242007,SKU-2216,V-22,Jaipur,Palazzo,38,mustrd,,1,2026-10-04
C-01245,return,"kapda patla hai, ek dhulai me kharab ho gaya",ORD-4880505,SKU-1807,V-18,Tiruppur,Leggings,L,peach,Other,,2026-09-21
C-00227,return,"shoulder se tight hai, haath nahi uthta plz jaldi refund karo",ORD-4132547,SKU-0105,V-01,Tiruppur,Kurtis,L,red,Other,,2026-10-01
C-00745,return,"bohot dheela hai, hang ho raha paisa waste",ORD-4717230,SKU-0611,V-06,Jaipur,Dresses,36,mehroon,Other,,2026-09-19
C-00264,review,kapda patla hai aur dheela bhi hai 👎,ORD-4201073,SKU-0102,V-01,Tiruppur,Kurtis,XL,peach,,1,2026-09-11
C-01602,review,stitching is poor and thread coming out plz jaldi refund karo,ORD-4546251,SKU-2217,V-22,Jaipur,Palazzo,38,Maroon ,,2,2026-09-02
C-01315,return,"बहुत ढीला है, बड़ा साइज़ आ गया",ORD-4468842,SKU-1909,V-19,Tiruppur,Leggings,Large,Black,Other,,2026-09-16
C-00599,return,bacche ko bhot dheela hai,ORD-4368073,SKU-0504,V-05,Tiruppur,Dresses,M,mustard,Other,,2026-09-28
C-00483,return,ghutne se upar aa raha hai yaar,ORD-4915994,SKU-1208,V-12,Jaipur,Dresses,X-Large,MRN,Other,,2026-09-03
C-00801,return,"DELIVERY BHOT DER SE HUI, AB ZAROORAT NAHI yaar",ORD-4819124,SKU-0619,V-06,Jaipur,Dresses,38,peach,Other,,2026-09-11
C-00101,review,"chest pe fit nahi aa raha, chhota hai 👎",ORD-4243765,SKU-0702,V-07,Tiruppur,Kurtis,42,MRN,,2,2026-09-19
C-01333,return,dusra pasand aa gaya isliye wapas paisa waste,ORD-4244386,SKU-1906,V-19,Tiruppur,Leggings,Large,maroon,Other,,2026-09-22
C-00499,return,kapda patla hai aur dheela bhi hai 👎,ORD-4141251,SKU-1209,V-12,Jaipur,Dresses,Small,navy,Other,,2026-09-07
C-01164,review,"gift ke liye liya tha, zaroorat nahi rahi yaar",ORD-4820213,SKU-0803,V-08,Jaipur,Kids tees,Age 2,mehroon,,2,2026-09-26
C-01345,review,??,ORD-4724955,SKU-1901,V-19,Tiruppur,Leggings,X-Large,red,,1,2026-09-05
C-00052,review,"chest pe fit nahi aa raha, chhota hai paisa waste",ORD-4498386,SKU-0701,V-07,Tiruppur,Kurtis,38,mehroon,,2,2026-08-25
C-01815,return,length is too short for me,ORD-4886368,SKU-0909,V-09,Jaipur,Kurtas,Medium,pink,Other,,2026-09-11
C-01317,return,"rang alag hai, upar se bust pe tite",ORD-4906740,SKU-1902,V-19,Tiruppur,Leggings,Medium,mustard,Other,,2026-09-18
C-00425,return,"kapda patla hai, ek dhulai me kharab ho gaya return kar diya",ORD-4556428,SKU-0214,V-02,Jaipur,Kurtis,Small,mehroon,Other,,2026-09-12
C-00869,return,"kamar pe loose hai, baaki theek",ORD-4673958,SKU-0307,V-03,Tiruppur,Kids tees,6-7 yrs,mustard,Other,,2026-09-27
C-00531,review,"length bhot kam hai, photo me lamba dikh raha tha return kar diya",ORD-4991916,SKU-1219,V-12,Jaipur,Dresses,Large,maroon,,1,2026-09-24
C-02029,return,"size bada nikla, ek size chhota mangwana pada",ORD-4630561,SKU-1113,V-11,Tiruppur,Kurtas,S,mustrd,Other,,2026-08-27
C-01123,return,??,ORD-4240878,SKU-0809,V-08,Jaipur,Kids tees,Age 2,mustrd,Other,,2026-08-28
C-00275,review,"shoulder se utar raha hai, bada hai yaar",ORD-4705344,SKU-0105,V-01,Tiruppur,Kurtis,S,Black,,2,2026-09-09
C-00747,review,"kamar pe loose hai, baaki theek refund chahiye",ORD-4810273,SKU-0618,V-06,Jaipur,Dresses,40,mehroon,,1,2026-09-28
C-00674,return,jaisa socha tha waisa nahi nikla yaar,ORD-4172412,SKU-0518,V-05,Tiruppur,Dresses,M,mehroon,Other,,2026-09-14
C-01173,return,stitching is poor and thread coming out plz jaldi refund karo,ORD-4069031,SKU-0808,V-08,Jaipur,Kids tees,Age 8,Black,Other,,2026-08-26
C-00172,return,"too tight on the chest, had to return",ORD-4728506,SKU-0719,V-07,Tiruppur,Kurtis,42,MRN,Other,,2026-10-03
C-01368,return,silai khul gayi pehle hi din,ORD-4358551,SKU-1920,V-19,Tiruppur,Leggings,X-Large,MRN,Other,,2026-09-19
C-00731,review,"shoulder se tight hai, haath nahi uthta paisa waste",ORD-4941035,SKU-0620,V-06,Jaipur,Dresses,38,Navy Blue,,1,2026-09-06
C-01070,return,colour alag tha aur size bhi chhota plz jaldi refund karo,ORD-4752160,SKU-0815,V-08,Jaipur,Kids tees,Age 2,nevy,Other,,2026-09-16
C-00214,review,"too loose, looks like a sack",ORD-4281243,SKU-0113,V-01,Tiruppur,Kurtis,L,mehroon,,3,2026-09-27
C-01116,return,"kamar pe tite hai, saans nahi aati paisa waste",ORD-4873838,SKU-0818,V-08,Jaipur,Kids tees,Age 8,blk,Other,,2026-08-30
C-01882,return,ghutne se upar aa raha hai return kar diya,ORD-4159171,SKU-1113,V-11,Tiruppur,Kurtas,XL,mustard,Other,,2026-08-28
C-01985,review,.,ORD-4948867,SKU-1108,V-11,Tiruppur,Kurtas,L,red,,2,2026-08-29
C-00196,return,"fabric cheap lagta hai, photo jaisa nahi 👎",ORD-4286637,SKU-0720,V-07,Tiruppur,Kurtis,40,maroon,Other,,2026-09-25
C-00994,review,ghutne se upar aa raha hai,ORD-4658604,SKU-0410,V-04,Tiruppur,Kids tees,6Y,peach,,3,2026-08-24
C-00343,review,"too loose, looks like a sack",ORD-4413129,SKU-0213,V-02,Jaipur,Kurtis,Small,MRN,,1,2026-09-20
C-00573,review,color is different from the picture 👎,ORD-4917677,SKU-1211,V-12,Jaipur,Dresses,Small,mustrd,,1,2026-09-12
C-01558,review,"rang alag hai, upar se bust pe tight 👎",ORD-4004752,SKU-2201,V-22,Jaipur,Palazzo,38,blk,,2,2026-09-11
C-00295,return,"fabric cheap lagta hai, photo jaisa nahi return kar diya",ORD-4257271,SKU-0116,V-01,Tiruppur,Kurtis,S,black,Other,,2026-08-29
C-01517,return,"shoulder se utar raha hai, bada hai",ORD-4052059,SKU-2217,V-22,Jaipur,Palazzo,36,mustrd,Other,,2026-09-05
C-00442,review,nahi,ORD-4070620,SKU-0216,V-02,Jaipur,Kurtis,X-Large,Maroon ,,3,2026-09-06
C-00187,return,color is different from the picture refund chahiye,ORD-4069170,SKU-0705,V-07,Tiruppur,Kurtis,40,MRN,Other,,2026-08-28
C-00648,return,"baju chhoti hai, kalai tak nahi aati plz jaldi refund karo",ORD-4447128,SKU-0504,V-05,Tiruppur,Dresses,XL,Maroon ,Other,,2026-09-22
C-01648,review,"bhot lamba hai, zameen pe lag raha plz jaldi refund karo",ORD-4986773,SKU-2320,V-23,Tiruppur,Palazzo,L,maroon,,3,2026-10-03
C-01402,review,baju bahut tight hai,ORD-4581790,SKU-2006,V-20,Jaipur,Leggings,L,Maroon ,,2,2026-10-03
C-01148,review,pasand nahi aaya mujhe,ORD-4154794,SKU-0814,V-08,Jaipur,Kids tees,Age 8,peach,,3,2026-09-06
C-00245,return,"baju chhoti hai, kalai tak nahi aati",ORD-4423313,SKU-0115,V-01,Tiruppur,Kurtis,XL,nevy,Other,,2026-10-02
C-00138,review,"fitting sahi nahi, ek size bada lena padega yaar",ORD-4142081,SKU-0713,V-07,Tiruppur,Kurtis,42,maroon,,2,2026-09-07
C-01705,return,packet khula hua aaya tha 👎,ORD-4699517,SKU-2302,V-23,Tiruppur,Palazzo,L,MRN,Other,,2026-09-19
C-01125,review,WAPAS KAR DIYA BAS,ORD-4311467,SKU-0814,V-08,Jaipur,Kids tees,Age 2,MRN,,2,2026-09-13
C-01311,review,"kamar pe tight hai, saans nahi aati",ORD-4871008,SKU-1916,V-19,Tiruppur,Leggings,X-Large,laal,,2,2026-09-08
C-00206,review,"fabric cheap lagta hai, photo jaisa nahi refund chahiye",ORD-4515627,SKU-0712,V-07,Tiruppur,Kurtis,36,black,,2,2026-09-08
C-00704,review,dusra pasand aa gaya isliye wapas,ORD-4341650,SKU-0519,V-05,Tiruppur,Dresses,L,Navy Blue,,2,2026-09-17
C-00675,return,silai khul gayi pehle hi din,ORD-4672073,SKU-0517,V-05,Tiruppur,Dresses,XL,Black,Other,,2026-09-14
C-01120,return,"size chota hai, 4Y bhi tight lag raha paisa waste",ORD-4363095,SKU-0809,V-08,Jaipur,Kids tees,Age 4,peach,Other,,2026-09-22
C-01704,return,dhone pe rang nikal gaya aur sikud gaya,ORD-4838326,SKU-2320,V-23,Tiruppur,Palazzo,M,Maroon ,Other,,2026-10-02
C-01438,review,"size chotta hai, XL bhi tight lag raha paisa waste",ORD-4924338,SKU-2005,V-20,Jaipur,Leggings,XL,navy,,2,2026-10-02
C-00358,review,length is too short for me paisa waste,ORD-4767759,SKU-0210,V-02,Jaipur,Kurtis,Large,nevy,,1,2026-09-16
C-01312,review,kapda patla hai aur dhila bhi hai,ORD-4525808,SKU-1910,V-19,Tiruppur,Leggings,Small,Black,,1,2026-09-10
C-00961,return,"size bada nikla, ek size chhota mangwana pada return kar diya",ORD-4334571,SKU-0411,V-04,Tiruppur,Kids tees,4Y,blk,Other,,2026-10-01
C-01536,return,BACCHE KO BHOT DHEELA HAI paisa waste,ORD-4824459,SKU-2211,V-22,Jaipur,Palazzo,36,mustrd,Other,,2026-09-22
C-00452,return,nahi,ORD-4102267,SKU-0209,V-02,Jaipur,Kurtis,Small,red,Other,,2026-09-10
C-00552,return,GHUTNE SE UPAR AA RAHA HAI return kar diya,ORD-4280498,SKU-1212,V-12,Jaipur,Dresses,Small,Navy Blue,Other,,2026-09-07
C-01840,return,silai khul gayi pehle hi din return kar diya,ORD-4498244,SKU-0918,V-09,Jaipur,Kurtas,Small,mehroon,Other,,2026-09-11
C-01261,return,.,ORD-4946434,SKU-1804,V-18,Tiruppur,Leggings,S,mustrd,Other,,2026-09-30
C-00802,return,PASAND NAHI AAYA MUJHE 👎,ORD-4448053,SKU-0616,V-06,Jaipur,Dresses,42,laal,Other,,2026-09-05
C-00363,return,length is too short for me 👎,ORD-4396511,SKU-0202,V-02,Jaipur,Kurtis,X-Large,Navy Blue,Other,,2026-09-29
C-01917,return,"bohot dheela hai, hang ho raha",ORD-4691062,SKU-1112,V-11,Tiruppur,Kurtas,XL,peach,Other,,2026-09-27
C-00099,review,"chest pe fit nahi aa raha, chhota hai plz jaldi refund karo",ORD-4460411,SKU-0706,V-07,Tiruppur,Kurtis,42,black,,2,2026-09-03
C-01623,return,dusra pasand aa gaya isliye wapas return kar diya,ORD-4861684,SKU-2214,V-22,Jaipur,Palazzo,42,pink,Other,,2026-09-13
C-01287,return,"बहुत ढीला है, बड़ा साइज़ आ गया",ORD-4761031,SKU-1913,V-19,Tiruppur,Leggings,Large,blk,Other,,2026-08-29
C-01212,review,"bust pe bahut tite, return kar diya yaar",ORD-4474371,SKU-1814,V-18,Tiruppur,Leggings,L,pink,,1,2026-08-25
C-00092,review,"too tite on the chest, had to return",ORD-4761215,SKU-0710,V-07,Tiruppur,Kurtis,40,red,,2,2026-09-19
C-01430,return,ghutne se upar aa raha hai return kar diya,ORD-4570380,SKU-2011,V-20,Jaipur,Leggings,M,pink,Other,,2026-09-30
C-01456,return,"gift ke liye liya tha, zaroorat nahi rahi plz jaldi refund karo",ORD-4045392,SKU-2020,V-20,Jaipur,Leggings,M,MRN,Other,,2026-09-02
C-00142,return,colour alag tha aur size bhi chhota return kar diya,ORD-4474781,SKU-0715,V-07,Tiruppur,Kurtis,42,Black,Other,,2026-09-01
C-01459,return,"pic me maroon tha, ye to laal hai",ORD-4830782,SKU-2007,V-20,Jaipur,Leggings,L,red,Other,,2026-08-25
C-01128,return,dusra pasand aa gaya isliye wapas,ORD-4419668,SKU-0802,V-08,Jaipur,Kids tees,Age 6,pink,Other,,2026-09-19
C-01538,review,"SIZE CHHOTA HAI, XL BHI TIGHT LAG RAHA",ORD-4056325,SKU-2201,V-22,Jaipur,Palazzo,42,black,,1,2026-09-25
C-00450,return,"DELIVERY BAHUT DER SE HUI, AB ZAROORAT NAHI plz jaldi refund karo",ORD-4160581,SKU-0217,V-02,Jaipur,Kurtis,Large,mustard,Other,,2026-09-24
C-01530,return,"kamar pe tight hai, saans nahi aati",ORD-4013991,SKU-2203,V-22,Jaipur,Palazzo,36,laal,Other,,2026-09-15
C-00838,return,jaisa socha tha waisa nahi nikla plz jaldi refund karo,ORD-4307111,SKU-0609,V-06,Jaipur,Dresses,42,MRN,Other,,2026-09-11
C-00189,return,"कपड़ा बहुत पतला है, घटिया क्वालिटी plz jaldi refund karo",ORD-4578123,SKU-0703,V-07,Tiruppur,Kurtis,38,peach,Other,,2026-09-03
C-00105,return,"fitting sahi nahi, ek size bada lena padega refund chahiye",ORD-4646571,SKU-0710,V-07,Tiruppur,Kurtis,36,laal,Other,,2026-09-29
C-00411,review,wapas kar diya bas,ORD-4291360,SKU-0204,V-02,Jaipur,Kurtis,Large,nevy,,1,2026-09-08
C-00434,review,"galat product aaya, maine ye nahi mangwaya yaar",ORD-4936020,SKU-0209,V-02,Jaipur,Kurtis,Large,red,,2,2026-09-05
C-00391,review,"shoulder se tite hai, haath nahi uthta 👎",ORD-4487818,SKU-0207,V-02,Jaipur,Kurtis,Small,mustard,,2,2026-09-19
C-00836,return,color is different from the picture,ORD-4289824,SKU-0607,V-06,Jaipur,Dresses,38,Navy Blue,Other,,2026-10-03
C-00257,return,"fitting sahi nahi, ek size bada lena padega return kar diya",ORD-4527163,SKU-0115,V-01,Tiruppur,Kurtis,S,Maroon ,Other,,2026-08-29
C-01638,return,"length bhot kam hai, photo me lamba dikh raha tha",ORD-4107426,SKU-2311,V-23,Tiruppur,Palazzo,XL,MRN,Other,,2026-09-26
C-00856,return,bacche ko bhot dheela hai 👎,ORD-4787409,SKU-0318,V-03,Tiruppur,Kids tees,2-3 yrs,maroon,Other,,2026-09-23
C-00033,return,"too tight on the chest, had to return",ORD-4436651,SKU-0712,V-07,Tiruppur,Kurtis,40,mustrd,Other,,2026-09-25
C-00911,review,"fabric cheap lagta hai, photo jaisa nahi return kar diya",ORD-4069274,SKU-0311,V-03,Tiruppur,Kids tees,6-7 yrs,Navy Blue,,1,2026-09-25
C-01559,return,"too loose, looks like a sack",ORD-4300423,SKU-2205,V-22,Jaipur,Palazzo,36,mustard,Other,,2026-08-30
C-00926,review,"कपड़ा बहुत पतला है, घटिया क्वालिटी",ORD-4305720,SKU-0305,V-03,Tiruppur,Kids tees,2-3 yrs,blk,,2,2026-09-22
C-01042,review,"late aaya, function nikal gaya",ORD-4578205,SKU-0406,V-04,Tiruppur,Kids tees,8Y,black,,3,2026-09-21
C-00527,return,length is too short for me refund chahiye,ORD-4833794,SKU-1217,V-12,Jaipur,Dresses,X-Large,maroon,Other,,2026-09-04
C-01461,review,pasand nahi aaya mujhe plz jaldi refund karo,ORD-4346849,SKU-2004,V-20,Jaipur,Leggings,M,mehroon,,1,2026-09-23
C-00852,return,"size bada nikla, ek size chhota mangwana pada return kar diya",ORD-4143270,SKU-0304,V-03,Tiruppur,Kids tees,2-3 yrs,mustard,Other,,2026-09-05
C-00729,review,"baju lambi hai, mod ke pehenna padta",ORD-4196225,SKU-0607,V-06,Jaipur,Dresses,36,MRN,,3,2026-09-30
C-01587,return,"pic me maroon tha, ye to laal hai return kar diya",ORD-4353523,SKU-2218,V-22,Jaipur,Palazzo,42,pink,Other,,2026-08-24
C-00600,review,"बहुत ढीला है, बड़ा साइज़ आ गया refund chahiye",ORD-4407705,SKU-0514,V-05,Tiruppur,Dresses,S,blk,,3,2026-09-07
C-00985,review,"chest pe fit nahi aa raha, chhota hai",ORD-4271136,SKU-0406,V-04,Tiruppur,Kids tees,4Y,red,,1,2026-09-27
C-01701,return,COLOR IS DIFFERENT FROM THE PICTURE paisa waste,ORD-4025814,SKU-2306,V-23,Tiruppur,Palazzo,M,pink,Other,,2026-09-28
C-00659,return,"short hai, function me nahi pehen sakti return kar diya",ORD-4837653,SKU-0511,V-05,Tiruppur,Dresses,M,nevy,Other,,2026-09-25
C-01400,return,cut sahi nahi baithta body pe paisa waste,ORD-4936645,SKU-2011,V-20,Jaipur,Leggings,M,red,Other,,2026-08-31
C-00317,review,"tag nahi tha, used lag raha tha plz jaldi refund karo",ORD-4137147,SKU-0112,V-01,Tiruppur,Kurtis,L,red,,1,2026-09-03
C-01955,review,packet khula hua aaya tha,ORD-4799372,SKU-1115,V-11,Tiruppur,Kurtas,M,blk,,1,2026-09-30
C-01702,return,"late aaya, function nikal gaya",ORD-4452781,SKU-2305,V-23,Tiruppur,Palazzo,M,laal,Other,,2026-08-27
C-00215,review,"kamar pe tight hai, saans nahi aati yaar",ORD-4530320,SKU-0115,V-01,Tiruppur,Kurtis,S,mustrd,,2,2026-09-21
C-00866,return,"bhot dheela hai, hang ho raha",ORD-4131126,SKU-0313,V-03,Tiruppur,Kids tees,8-9 yrs,blk,Other,,2026-09-07
C-00020,return,baju bohot tight hai refund chahiye,ORD-4891155,SKU-0715,V-07,Tiruppur,Kurtis,38,maroon,Other,,2026-10-03
C-01392,return,"size bada nikla, ek size chhota mangwana pada return kar diya",ORD-4964910,SKU-2011,V-20,Jaipur,Leggings,L,pink,Other,,2026-09-24
C-00277,return,"baju lambi hai, mod ke pehenna padta",ORD-4423979,SKU-0110,V-01,Tiruppur,Kurtis,XL,pink,Other,,2026-09-18
C-01405,return,"shoulder se tite hai, haath nahi uthta",ORD-4166251,SKU-2005,V-20,Jaipur,Leggings,S,peach,Other,,2026-10-04
C-01249,review,"कपड़ा बहुत पतला है, घटिया क्वालिटी",ORD-4874324,SKU-1802,V-18,Tiruppur,Leggings,L,Navy Blue,,2,2026-10-01
C-00199,return,dhone pe rang nikal gaya aur sikud gaya paisa waste,ORD-4667840,SKU-0710,V-07,Tiruppur,Kurtis,36,laal,Other,,2026-09-28
C-01454,return,"late aaya, function nikal gaya 👎",ORD-4348874,SKU-2003,V-20,Jaipur,Leggings,XL,blk,Other,,2026-09-05
C-00060,return,"baju chhoti hai, kalai tak nahi aati refund chahiye",ORD-4274685,SKU-0702,V-07,Tiruppur,Kurtis,40,Navy Blue,Other,,2026-09-18
C-00919,return,"pic me maroon tha, ye to laal hai",ORD-4834935,SKU-0317,V-03,Tiruppur,Kids tees,8-9 yrs,mustrd,Other,,2026-08-25
C-01575,return,"kamar pe loose hai, baaki theek paisa waste",ORD-4115792,SKU-2219,V-22,Jaipur,Palazzo,40,navy,Other,,2026-09-23
C-00683,return,"kapda patla hai, ek dhulai me kharab ho gaya paisa waste",ORD-4965638,SKU-0503,V-05,Tiruppur,Dresses,L,mehroon,Other,,2026-08-31
C-00537,return,"fitting sahi nahi, ek size bada lena padega",ORD-4335534,SKU-1220,V-12,Jaipur,Dresses,Large,Maroon ,Other,,2026-09-01
C-01001,return,stitching is poor and thread coming out yaar,ORD-4312357,SKU-0415,V-04,Tiruppur,Kids tees,8Y,mehroon,Other,,2026-09-21
C-01973,return,colour alag hai photo se,ORD-4421728,SKU-1110,V-11,Tiruppur,Kurtas,S,laal,Other,,2026-09-19
C-00891,review,"kamar pe loose hai, baaki theek plz jaldi refund karo",ORD-4674933,SKU-0317,V-03,Tiruppur,Kids tees,2-3 yrs,Maroon ,,2,2026-10-03
C-00169,return,"BUST PE BOHOT TITE, RETURN KAR DIYA",ORD-4345152,SKU-0718,V-07,Tiruppur,Kurtis,36,blk,Other,,2026-08-28
C-00400,return,"arrived after the wedding, no use now 👎",ORD-4965021,SKU-0216,V-02,Jaipur,Kurtis,Small,Black,Other,,2026-09-11
C-01892,return,"fitting ajeeb hai, shape theek nahi 👎",ORD-4868959,SKU-1119,V-11,Tiruppur,Kurtas,L,Black,Other,,2026-09-29
C-00855,review,"shoulder se utar raha hai, bada hai return kar diya",ORD-4468393,SKU-0303,V-03,Tiruppur,Kids tees,8-9 yrs,black,,1,2026-09-20
C-00922,review,.,ORD-4153923,SKU-0306,V-03,Tiruppur,Kids tees,4-5 yrs,Navy Blue,,1,2026-09-18
C-00108,return,"chest pe fit nahi aa raha, chhota hai yaar",ORD-4013399,SKU-0713,V-07,Tiruppur,Kurtis,36,Maroon ,Other,,2026-09-11
C-00458,return,ghutne se upar aa raha hai plz jaldi refund karo,ORD-4418888,SKU-1203,V-12,Jaipur,Dresses,Medium,peach,Other,,2026-08-25
C-01693,review,"short hai, function me nahi pehen sakti return kar diya",ORD-4080543,SKU-2303,V-23,Tiruppur,Palazzo,S,laal,,3,2026-09-13
C-02011,review,"kamar pe loose hai, baaki theek return kar diya",ORD-4638543,SKU-0502,V-05,Tiruppur,Dresses,L,nevy,,1,2026-09-03
C-01018,review,"FABRIC CHEAP LAGTA HAI, PHOTO JAISA NAHI",ORD-4400482,SKU-0403,V-04,Tiruppur,Kids tees,6Y,pink,,2,2026-08-26
C-01951,return,"RANG HALKA HAI, WEBSITE PE DARK THA",ORD-4384437,SKU-1120,V-11,Tiruppur,Kurtas,M,Navy Blue,Other,,2026-09-25
C-00662,return,"rang halka hai, website pe dark tha plz jaldi refund karo",ORD-4090245,SKU-0502,V-05,Tiruppur,Dresses,S,laal,Other,,2026-09-07
C-00198,return,color alag hai photo se,ORD-4429948,SKU-0701,V-07,Tiruppur,Kurtis,42,nevy,Other,,2026-09-07
C-01853,return,"tag nahi tha, used lag raha tha paisa waste",ORD-4139680,SKU-0912,V-09,Jaipur,Kurtas,Large,peach,Other,,2026-09-16
C-01512,return,"delivery bhot der se hui, ab zaroorat nahi paisa waste",ORD-4902690,SKU-2115,V-21,Jaipur,Palazzo,XL,pink,Other,,2026-09-06
C-00154,return,"chest pe fit nahi aa raha, chhota hai",ORD-4765055,SKU-0709,V-07,Tiruppur,Kurtis,42,maroon,Other,,2026-08-24
C-01594,return,kalar alag hai photo se return kar diya,ORD-4877998,SKU-2216,V-22,Jaipur,Palazzo,40,Maroon ,Other,,2026-09-27
C-00723,return,"kamar pe tight hai, saans nahi aati paisa waste",ORD-4278139,SKU-0618,V-06,Jaipur,Dresses,36,black,Other,,2026-08-28
C-01132,review,"कपड़ा बहुत पतला है, घटिया क्वालिटी return kar diya",ORD-4502248,SKU-0808,V-08,Jaipur,Kids tees,Age 2,Navy Blue,,1,2026-09-01
C-01080,return,"साइज़ छोटा है, बहुत टाइट है plz jaldi refund karo",ORD-4914736,SKU-0812,V-08,Jaipur,Kids tees,Age 2,navy,Other,,2026-09-30
C-01987,return,kalar alag hai photo se,ORD-4083909,SKU-1106,V-11,Tiruppur,Kurtas,L,navy,Other,,2026-09-26
C-01343,review,"rang halka hai, website pe dark tha",ORD-4264326,SKU-1918,V-19,Tiruppur,Leggings,X-Large,red,,2,2026-08-31
C-01839,return,"delivery bahut der se hui, ab zaroorat nahi",ORD-4817721,SKU-0913,V-09,Jaipur,Kurtas,X-Large,pink,Other,,2026-09-06
C-00106,return,"short hai, function me nahi pehen sakti",ORD-4717406,SKU-0708,V-07,Tiruppur,Kurtis,40,peach,Other,,2026-10-01
C-02015,review,"बहुत ढीला है, बड़ा साइज़ आ गया refund chahiye",ORD-4458819,SKU-0605,V-06,Jaipur,Dresses,36,nevy,,2,2026-09-29
C-01795,return,"बहुत ढीला है, बड़ा साइज़ आ गया refund chahiye",ORD-4469276,SKU-0910,V-09,Jaipur,Kurtas,X-Large,black,Other,,2026-09-26
C-00874,return,"size bada nikla, ek size chhota mangwana pada",ORD-4173344,SKU-0306,V-03,Tiruppur,Kids tees,2-3 yrs,navy,Other,,2026-09-01
C-00213,review,"size bada nikla, ek size chhota mangwana pada",ORD-4629878,SKU-0111,V-01,Tiruppur,Kurtis,L,MRN,,2,2026-10-01
C-01988,return,"KAPDA PATLA HAI, EK DHULAI ME KHARAB HO GAYA 👎",ORD-4209285,SKU-1118,V-11,Tiruppur,Kurtas,L,mehroon,Other,,2026-09-21
C-01097,review,length is too short for me return kar diya,ORD-4130271,SKU-0816,V-08,Jaipur,Kids tees,Age 6,MRN,,2,2026-09-03
C-01213,review,ghutne se upar aa raha hai return kar diya,ORD-4485481,SKU-1814,V-18,Tiruppur,Leggings,L,Navy Blue,,2,2026-09-20
C-01307,return,"baju lambi hai, mod ke pehenna padta refund chahiye",ORD-4113544,SKU-1904,V-19,Tiruppur,Leggings,Small,pink,Other,,2026-10-02
C-00984,review,"length zyada hai, katwana padega plz jaldi refund karo",ORD-4882923,SKU-0410,V-04,Tiruppur,Kids tees,4Y,nevy,,2,2026-10-03
C-00805,return,galti se order ho gaya tha 👎,ORD-4879560,SKU-0604,V-06,Jaipur,Dresses,36,mustard,Other,,2026-09-30
C-00488,return,ghutne se upar aa raha hai,ORD-4058013,SKU-1212,V-12,Jaipur,Dresses,X-Large,mustrd,Other,,2026-09-24
C-00293,return,color alag hai photo se 👎,ORD-4741448,SKU-0103,V-01,Tiruppur,Kurtis,XL,pink,Other,,2026-10-03
C-00026,return,"fitting sahi nahi, ek size bada lena padega",ORD-4063173,SKU-0710,V-07,Tiruppur,Kurtis,38,mehroon,Other,,2026-10-01
C-00177,review,"late aaya, function nikal gaya plz jaldi refund karo",ORD-4823086,SKU-0702,V-07,Tiruppur,Kurtis,36,peach,,2,2026-09-04
C-01136,return,silai khul gayi pehle hi din return kar diya,ORD-4812210,SKU-0811,V-08,Jaipur,Kids tees,Age 8,Navy Blue,Other,,2026-09-21
C-00513,review,"short hai, function me nahi pehen sakti",ORD-4141691,SKU-1215,V-12,Jaipur,Dresses,X-Large,Black,,2,2026-09-10
C-00681,return,??,ORD-4771013,SKU-0516,V-05,Tiruppur,Dresses,XL,Black,Other,,2026-09-15
C-00971,return,baju bohot tight hai,ORD-4406392,SKU-0420,V-04,Tiruppur,Kids tees,2Y,Black,Other,,2026-10-02
C-00226,return,ghutne se upar aa raha hai return kar diya,ORD-4891732,SKU-0109,V-01,Tiruppur,Kurtis,XL,mustrd,Other,,2026-09-12
C-01137,return,"gift ke liye liya tha, zaroorat nahi rahi paisa waste",ORD-4121146,SKU-0813,V-08,Jaipur,Kids tees,Age 2,Navy Blue,Other,,2026-08-25
C-00374,return,"baju chhoti hai, kalai tak nahi aati yaar",ORD-4343186,SKU-0215,V-02,Jaipur,Kurtis,X-Large,Maroon ,Other,,2026-10-02
C-01313,return,"bhot lamba hai, zameen pe lag raha return kar diya",ORD-4001859,SKU-1918,V-19,Tiruppur,Leggings,Small,Navy Blue,Other,,2026-09-18
C-01925,return,"shoulder se tight hai, haath nahi uthta",ORD-4879787,SKU-1105,V-11,Tiruppur,Kurtas,S,peach,Other,,2026-09-08
C-01632,return,"fabric cheap lagta hai, photo jaisa nahi paisa waste",ORD-4951858,SKU-2219,V-22,Jaipur,Palazzo,40,red,Other,,2026-09-18
C-00587,review,"arrived after the wedding, no use now 👎",ORD-4353375,SKU-1213,V-12,Jaipur,Dresses,Medium,maroon,,1,2026-08-25
C-01075,return,"baju lambi hai, mod ke pehenna padta paisa waste",ORD-4446842,SKU-0812,V-08,Jaipur,Kids tees,Age 6,maroon,Other,,2026-09-03
C-00415,return,packet khula hua aaya tha yaar,ORD-4452219,SKU-0219,V-02,Jaipur,Kurtis,X-Large,nevy,Other,,2026-09-01
C-00005,return,"bust pe bhot tight, return kar diya refund chahiye",ORD-4743562,SKU-0706,V-07,Tiruppur,Kurtis,40,peach,Other,,2026-09-17
C-01952,review,jaisa socha tha waisa nahi nikla 👎,ORD-4711825,SKU-1113,V-11,Tiruppur,Kurtas,XL,red,,2,2026-08-30
C-00585,review,dhone pe rang nikal gaya aur sikud gaya,ORD-4163882,SKU-1219,V-12,Jaipur,Dresses,Medium,red,,1,2026-09-20
C-01789,return,ghutne se upar aa raha hai return kar diya,ORD-4244573,SKU-0907,V-09,Jaipur,Kurtas,Large,navy,Other,,2026-09-14
C-01344,review,"kapda patla hai, ek dhulai me kharab ho gaya yaar",ORD-4227642,SKU-1911,V-19,Tiruppur,Leggings,Large,peach,,1,2026-08-27
C-00888,return,bacche ko bohot dheela hai 👎,ORD-4668855,SKU-0311,V-03,Tiruppur,Kids tees,4-5 yrs,mustrd,Other,,2026-09-21
C-01363,return,return,ORD-4601246,SKU-1909,V-19,Tiruppur,Leggings,X-Large,maroon,Other,,2026-09-16
C-00623,review,"kamar pe tight hai, saans nahi aati",ORD-4806707,SKU-0513,V-05,Tiruppur,Dresses,XL,black,,1,2026-09-15
C-01094,return,"too tight on the chest, had to return refund chahiye",ORD-4834607,SKU-0811,V-08,Jaipur,Kids tees,Age 2,mustrd,Other,,2026-09-25
C-02001,review,dusra pasand aa gaya isliye wapas plz jaldi refund karo,ORD-4966312,SKU-0917,V-09,Jaipur,Kurtas,X-Large,red,,1,2026-09-21
C-00602,return,"BAHUT DHEELA HAI, HANG HO RAHA paisa waste",ORD-4872245,SKU-0516,V-05,Tiruppur,Dresses,L,blk,Other,,2026-09-22
C-01791,return,"fitting sahi nahi, ek size bada lena padega",ORD-4231269,SKU-0909,V-09,Jaipur,Kurtas,Large,black,Other,,2026-09-05
C-00320,return,"delivery bahut der se hui, ab zaroorat nahi",ORD-4652785,SKU-0112,V-01,Tiruppur,Kurtis,XL,MRN,Other,,2026-09-01
C-01759,return,"baju chhoti hai, kalai tak nahi aati yaar",ORD-4021727,SKU-0910,V-09,Jaipur,Kurtas,Large,Navy Blue,Other,,2026-08-26
C-00667,review,silai khul gayi pehle hi din plz jaldi refund karo,ORD-4812416,SKU-0507,V-05,Tiruppur,Dresses,M,navy,,1,2026-09-16
C-00901,return,"SIZE BADA NIKLA, EK SIZE CHHOTA MANGWANA PADA 👎",ORD-4696075,SKU-0302,V-03,Tiruppur,Kids tees,4-5 yrs,peach,Other,,2026-09-29
C-00122,review,"bust pe bahut tight, return kar diya yaar",ORD-4728704,SKU-0718,V-07,Tiruppur,Kurtis,38,MRN,,2,2026-09-02
C-01833,return,"कपड़ा बहुत पतला है, घटिया क्वालिटी",ORD-4583908,SKU-0913,V-09,Jaipur,Kurtas,Medium,pink,Other,,2026-10-02
C-00022,review,"साइज़ छोटा है, बहुत टाइट है yaar",ORD-4062675,SKU-0719,V-07,Tiruppur,Kurtis,40,mustrd,,2,2026-10-02
C-00772,return,"short hai, function me nahi pehen sakti plz jaldi refund karo",ORD-4707018,SKU-0604,V-06,Jaipur,Dresses,36,blk,Other,,2026-08-28
C-00259,review,length is too short for me,ORD-4934674,SKU-0105,V-01,Tiruppur,Kurtis,M,laal,,2,2026-09-18
C-00718,return,"fitting ajeeb hai, shape theek nahi refund chahiye",ORD-4775823,SKU-0603,V-06,Jaipur,Dresses,40,mehroon,Other,,2026-08-27
C-00069,return,"too tight on the chest, had to return return kar diya",ORD-4599887,SKU-0704,V-07,Tiruppur,Kurtis,42,mustard,Other,,2026-09-25
C-01686,review,"baju lambi hai, mod ke pehenna padta yaar",ORD-4580155,SKU-2301,V-23,Tiruppur,Palazzo,M,MRN,,2,2026-09-08
C-01254,return,silai khul gayi pehle hi din,ORD-4291756,SKU-1806,V-18,Tiruppur,Leggings,L,Navy Blue,Other,,2026-09-23
C-00719,return,"साइज़ छोटा है, बहुत टाइट है",ORD-4094742,SKU-0616,V-06,Jaipur,Dresses,38,MRN,Other,,2026-09-11
C-01697,return,"short hai, function me nahi pehen sakti",ORD-4973723,SKU-2315,V-23,Tiruppur,Palazzo,M,Black,Other,,2026-09-30
C-00771,return,BAJU BOHOT TIGHT HAI refund chahiye,ORD-4865785,SKU-0620,V-06,Jaipur,Dresses,42,black,Other,,2026-09-24
C-00907,return,"कपड़ा बहुत पतला है, घटिया क्वालिटी refund chahiye",ORD-4488485,SKU-0315,V-03,Tiruppur,Kids tees,8-9 yrs,laal,Other,,2026-08-24
C-00619,return,"shoulder se utar raha hai, bada hai paisa waste",ORD-4348600,SKU-0504,V-05,Tiruppur,Dresses,M,pink,Other,,2026-09-03
C-01327,return,length is too short for me return kar diya,ORD-4445349,SKU-1901,V-19,Tiruppur,Leggings,Large,Black,Other,,2026-09-19
C-00103,return,BAJU BAHUT TIGHT HAI,ORD-4620187,SKU-0701,V-07,Tiruppur,Kurtis,38,maroon,Other,,2026-09-27
C-01130,return,accha nahi hai ye,ORD-4648501,SKU-0802,V-08,Jaipur,Kids tees,Age 6,mehroon,Other,,2026-08-30
C-00786,return,dusra pasand aa gaya isliye wapas 👎,ORD-4418901,SKU-0619,V-06,Jaipur,Dresses,40,mustard,Other,,2026-08-31
C-01294,return,"SIZE CHHOTA HAI, S BHI TITE LAG RAHA yaar",ORD-4485856,SKU-1920,V-19,Tiruppur,Leggings,Small,navy,Other,,2026-09-23
C-01972,review,colour alag hai photo se paisa waste,ORD-4208589,SKU-1108,V-11,Tiruppur,Kurtas,L,nevy,,1,2026-09-03
C-02019,review,color is different from the picture yaar,ORD-4561851,SKU-0509,V-05,Tiruppur,Dresses,M,Maroon ,,1,2026-09-12
C-01640,review,"bust pe bahut tight, return kar diya",ORD-4961777,SKU-2316,V-23,Tiruppur,Palazzo,M,Navy Blue,,2,2026-09-04
C-01257,review,"gift ke liye liya tha, zaroorat nahi rahi",ORD-4810869,SKU-1805,V-18,Tiruppur,Leggings,XL,Maroon ,,1,2026-09-06
C-00702,review,"KAPDA PATLA HAI, EK DHULAI ME KHARAB HO GAYA refund chahiye",ORD-4626550,SKU-0508,V-05,Tiruppur,Dresses,M,peach,,2,2026-09-14
C-01750,return,wapas kar diya bas 👎,ORD-4277093,SKU-2315,V-23,Tiruppur,Palazzo,S,red,Other,,2026-09-16
C-00327,return,dhone pe rang nikal gaya aur sikud gaya yaar,ORD-4143713,SKU-0112,V-01,Tiruppur,Kurtis,S,mehroon,Other,,2026-08-25
C-00395,return,"too loose, looks like a sack",ORD-4126146,SKU-0212,V-02,Jaipur,Kurtis,Medium,Black,Other,,2026-08-31
C-01000,return,"kapda patla hai, ek dhulai me kharab ho gaya refund chahiye",ORD-4014582,SKU-0411,V-04,Tiruppur,Kids tees,4Y,MRN,Other,,2026-08-26
C-00114,review,"kamar pe tite hai, saans nahi aati paisa waste",ORD-4120549,SKU-0715,V-07,Tiruppur,Kurtis,36,maroon,,1,2026-09-15
C-01606,return,"arrived after the wedding, no use now 👎",ORD-4665659,SKU-2214,V-22,Jaipur,Palazzo,38,red,Other,,2026-09-13
C-01855,return,DHONE PE RANG NIKAL GAYA AUR SIKUD GAYA paisa waste,ORD-4414551,SKU-0911,V-09,Jaipur,Kurtas,Large,red,Other,,2026-08-25
C-01920,review,"size bada nikla, ek size chhota mangwana pada",ORD-4830761,SKU-1120,V-11,Tiruppur,Kurtas,S,navy,,1,2026-09-02
C-00294,return,"delivery bohot der se hui, ab zaroorat nahi yaar",ORD-4203418,SKU-0101,V-01,Tiruppur,Kurtis,L,navy,Other,,2026-09-13
C-00319,return,.,ORD-4456146,SKU-0104,V-01,Tiruppur,Kurtis,M,mustard,Other,,2026-08-30
C-01811,return,baju bhot tite hai refund chahiye,ORD-4151046,SKU-0920,V-09,Jaipur,Kurtas,Medium,peach,Other,,2026-09-20
C-01203,return,"बहुत ढीला है, बड़ा साइज़ आ गया",ORD-4640714,SKU-1801,V-18,Tiruppur,Leggings,L,navy,Other,,2026-09-03
C-01712,return,"pic me maroon tha, ye to laal hai paisa waste",ORD-4472365,SKU-2304,V-23,Tiruppur,Palazzo,XL,black,Other,,2026-10-01
C-01012,review,"arrived after the wedding, no use now",ORD-4077668,SKU-0405,V-04,Tiruppur,Kids tees,8Y,peach,,1,2026-09-11
C-00627,return,late aaya aur length bhi kam hai paisa waste,ORD-4149283,SKU-0504,V-05,Tiruppur,Dresses,M,Black,Other,,2026-09-24
C-00302,review,"tag nahi tha, used lag raha tha",ORD-4796331,SKU-0118,V-01,Tiruppur,Kurtis,XL,mustard,,3,2026-09-13
C-01071,review,"shoulder se tite hai, haath nahi uthta",ORD-4568057,SKU-0812,V-08,Jaipur,Kids tees,Age 4,navy,,1,2026-09-04
C-00304,review,silai khul gayi pehle hi din,ORD-4935619,SKU-0115,V-01,Tiruppur,Kurtis,M,navy,,1,2026-09-08
C-01485,return,"pic me maroon tha, ye to laal hai",ORD-4966821,SKU-2011,V-20,Jaipur,Leggings,M,nevy,Other,,2026-09-21
C-00596,return,"chest pe fit nahi aa raha, chhota hai",ORD-4033359,SKU-0515,V-05,Tiruppur,Dresses,M,mustrd,Other,,2026-09-15
C-01533,return,"shoulder se tight hai, haath nahi uthta",ORD-4900835,SKU-2216,V-22,Jaipur,Palazzo,42,peach,Other,,2026-09-20
C-00028,return,"bust pe bohot tite, return kar diya",ORD-4559667,SKU-0709,V-07,Tiruppur,Kurtis,36,mustrd,Other,,2026-08-25
C-00533,return,ghutne se upar aa raha hai refund chahiye,ORD-4155963,SKU-1217,V-12,Jaipur,Dresses,Medium,navy,Other,,2026-09-09
C-01870,return,STITCHING IS POOR AND THREAD COMING OUT 👎,ORD-4321306,SKU-0901,V-09,Jaipur,Kurtas,X-Large,Navy Blue,Other,,2026-09-30
C-01423,return,"baju lambi hai, mod ke pehenna padta plz jaldi refund karo",ORD-4705889,SKU-2012,V-20,Jaipur,Leggings,M,MRN,Other,,2026-09-20
C-00758,return,ghutne se upar aa raha hai,ORD-4342709,SKU-0605,V-06,Jaipur,Dresses,40,Maroon ,Other,,2026-08-25
C-01564,return,"length zyada hai, katwana padega plz jaldi refund karo",ORD-4686325,SKU-2214,V-22,Jaipur,Palazzo,38,mustard,Other,,2026-09-27
C-01131,return,accha nahi hai ye,ORD-4100989,SKU-0814,V-08,Jaipur,Kids tees,Age 6,Maroon ,Other,,2026-09-01
C-00921,review,color is different from the picture 👎,ORD-4252486,SKU-0306,V-03,Tiruppur,Kids tees,2-3 yrs,navy,,2,2026-09-15
C-01443,return,baju bhot tight hai,ORD-4983708,SKU-2006,V-20,Jaipur,Leggings,S,mustrd,Other,,2026-09-23
C-01052,review,"GALAT PRODUCT AAYA, MAINE YE NAHI MANGWAYA return kar diya",ORD-4116531,SKU-0406,V-04,Tiruppur,Kids tees,4Y,mustrd,,1,2026-08-31
C-01580,return,"TAG NAHI THA, USED LAG RAHA THA refund chahiye",ORD-4255373,SKU-2209,V-22,Jaipur,Palazzo,40,Maroon ,Other,,2026-09-24
C-00863,return,"size bada nikla, ek size chhota mangwana pada paisa waste",ORD-4818987,SKU-0317,V-03,Tiruppur,Kids tees,4-5 yrs,mustard,Other,,2026-09-05
C-01901,return,colour alag tha aur size bhi chhota return kar diya,ORD-4702270,SKU-1106,V-11,Tiruppur,Kurtas,L,black,Other,,2026-09-11
C-01774,return,"size bada nikla, ek size chhota mangwana pada plz jaldi refund karo",ORD-4721514,SKU-0920,V-09,Jaipur,Kurtas,Small,mustard,Other,,2026-09-09
C-01347,return,"fabric cheap lagta hai, photo jaisa nahi",ORD-4215995,SKU-1914,V-19,Tiruppur,Leggings,Small,mustrd,Other,,2026-09-19
C-01397,return,"rang alag hai, upar se bust pe tight paisa waste",ORD-4178296,SKU-2002,V-20,Jaipur,Leggings,XL,Navy Blue,Other,,2026-09-12
C-01414,review,"kamar pe tight hai, saans nahi aati return kar diya",ORD-4950815,SKU-2002,V-20,Jaipur,Leggings,L,Navy Blue,,2,2026-09-24
C-01948,review,"pic me maroon tha, ye to laal hai",ORD-4329962,SKU-1117,V-11,Tiruppur,Kurtas,S,peach,,2,2026-09-16
C-01114,return,cut sahi nahi baithta body pe,ORD-4536933,SKU-0805,V-08,Jaipur,Kids tees,Age 6,Black,Other,,2026-09-20
C-00338,return,"chest pe fit nahi aa raha, chhota hai plz jaldi refund karo",ORD-4193456,SKU-0201,V-02,Jaipur,Kurtis,Small,Black,Other,,2026-09-20
C-00104,return,"too tite on the chest, had to return",ORD-4272872,SKU-0707,V-07,Tiruppur,Kurtis,42,mustard,Other,,2026-08-26
C-00759,return,"kamar pe loose hai, baaki theek",ORD-4110611,SKU-0607,V-06,Jaipur,Dresses,40,Black,Other,,2026-09-26
C-01844,review,packet khula hua aaya tha,ORD-4022400,SKU-0907,V-09,Jaipur,Kurtas,Small,mustrd,,3,2026-09-09
C-00417,review,"gift ke liye liya tha, zaroorat nahi rahi return kar diya",ORD-4891732,SKU-0211,V-02,Jaipur,Kurtis,Large,Maroon ,,1,2026-09-04
C-01756,review,kalar alag hai photo se plz jaldi refund karo,ORD-4473551,SKU-2313,V-23,Tiruppur,Palazzo,M,MRN,,1,2026-09-10
C-01372,review,dhone pe rang nikal gaya aur sikud gaya 👎,ORD-4597078,SKU-1912,V-19,Tiruppur,Leggings,Small,pink,,2,2026-09-15
C-00023,review,"fitting ajeeb hai, shape theek nahi return kar diya",ORD-4555691,SKU-0713,V-07,Tiruppur,Kurtis,36,mustrd,,2,2026-09-08
C-01535,review,"SHORT HAI, FUNCTION ME NAHI PEHEN SAKTI 👎",ORD-4768889,SKU-2203,V-22,Jaipur,Palazzo,36,Navy Blue,,3,2026-09-29
C-01854,review,dusra pasand aa gaya isliye wapas plz jaldi refund karo,ORD-4966312,SKU-0917,V-09,Jaipur,Kurtas,X-Large,red,,1,2026-09-21
C-00402,return,"galat product aaya, maine ye nahi mangwaya paisa waste",ORD-4509501,SKU-0203,V-02,Jaipur,Kurtis,X-Large,mustard,Other,,2026-08-30
C-01339,return,"GIFT KE LIYE LIYA THA, ZAROORAT NAHI RAHI",ORD-4490312,SKU-1913,V-19,Tiruppur,Leggings,Medium,peach,Other,,2026-09-07
C-01879,review,"kapda patla hai, ek dhulai me kharab ho gaya 👎",ORD-4064240,SKU-0914,V-09,Jaipur,Kurtas,Medium,blk,,1,2026-09-07
C-00447,review,"rang halka hai, website pe dark tha paisa waste",ORD-4000569,SKU-0204,V-02,Jaipur,Kurtis,X-Large,mustard,,1,2026-09-11
C-01182,return,"size bada nikla, ek size chhota mangwana pada",ORD-4727287,SKU-1809,V-18,Tiruppur,Leggings,XL,red,Other,,2026-09-13
C-00057,return,"fitting sahi nahi, ek size bada lena padega 👎",ORD-4938303,SKU-0716,V-07,Tiruppur,Kurtis,40,laal,Other,,2026-08-25
C-00480,return,ghutne se upar aa raha hai return kar diya,ORD-4334813,SKU-1217,V-12,Jaipur,Dresses,Medium,peach,Other,,2026-09-21
C-01942,return,LENGTH IS TOO SHORT FOR ME,ORD-4603410,SKU-1102,V-11,Tiruppur,Kurtas,XL,mustard,Other,,2026-09-22
C-00436,review,"KAPDA PATLA HAI, EK DHULAI ME KHARAB HO GAYA paisa waste",ORD-4164143,SKU-0219,V-02,Jaipur,Kurtis,Small,MRN,,2,2026-10-02
C-00121,return,"kamar pe tight hai, saans nahi aati return kar diya",ORD-4504807,SKU-0714,V-07,Tiruppur,Kurtis,36,nevy,Other,,2026-09-19
C-00967,review,"fitting sahi nahi, ek size bada lena padega return kar diya",ORD-4442854,SKU-0405,V-04,Tiruppur,Kids tees,8Y,navy,,3,2026-09-20
C-01867,return,"कपड़ा बहुत पतला है, घटिया क्वालिटी",ORD-4263462,SKU-0908,V-09,Jaipur,Kurtas,Small,peach,Other,,2026-10-02
C-01529,return,"fitting ajeeb hai, shape theek nahi 👎",ORD-4994126,SKU-2213,V-22,Jaipur,Palazzo,42,black,Other,,2026-09-11
C-01177,return,color is different from the picture yaar,ORD-4231952,SKU-0814,V-08,Jaipur,Kids tees,Age 2,MRN,Other,,2026-09-24
C-01171,review,"KAPDA PATLA HAI, EK DHULAI ME KHARAB HO GAYA return kar diya",ORD-4266974,SKU-0813,V-08,Jaipur,Kids tees,Age 6,Navy Blue,,1,2026-09-17
C-01441,review,"rang alag hai, upar se bust pe tite refund chahiye",ORD-4272918,SKU-2006,V-20,Jaipur,Leggings,M,Navy Blue,,2,2026-09-26
C-00457,return,"chest pe fit nahi aa raha, chhota hai",ORD-4212511,SKU-1209,V-12,Jaipur,Dresses,Medium,mustrd,Other,,2026-10-04
C-01673,return,baju bohot tight hai plz jaldi refund karo,ORD-4369882,SKU-2317,V-23,Tiruppur,Palazzo,M,peach,Other,,2026-09-21
C-01858,return,nahi,ORD-4727937,SKU-0918,V-09,Jaipur,Kurtas,X-Large,black,Other,,2026-08-26
C-00690,return,COLOR IS DIFFERENT FROM THE PICTURE refund chahiye,ORD-4563406,SKU-0511,V-05,Tiruppur,Dresses,XL,navy,Other,,2026-08-28
C-01620,return,"arrived after the wedding, no use now paisa waste",ORD-4700450,SKU-2218,V-22,Jaipur,Palazzo,36,mehroon,Other,,2026-10-02
C-01035,return,color alag hai photo se yaar,ORD-4664393,SKU-0419,V-04,Tiruppur,Kids tees,4Y,navy,Other,,2026-08-25
C-01958,return,"kapda patla hai, ek dhulai me kharab ho gaya yaar",ORD-4158215,SKU-1106,V-11,Tiruppur,Kurtas,L,maroon,Other,,2026-08-26
C-00612,return,bacche ko bhot dheela hai,ORD-4701707,SKU-0513,V-05,Tiruppur,Dresses,L,Maroon ,Other,,2026-09-26
C-01875,return,dusra pasand aa gaya isliye wapas 👎,ORD-4615173,SKU-0908,V-09,Jaipur,Kurtas,Large,mustrd,Other,,2026-09-22
C-01078,review,"chest pe fit nahi aa raha, chhota hai",ORD-4429460,SKU-0807,V-08,Jaipur,Kids tees,Age 2,red,,3,2026-09-11
C-00233,review,"length zyada hai, katwana padega refund chahiye",ORD-4592178,SKU-0113,V-01,Tiruppur,Kurtis,XL,black,,2,2026-09-10
C-01198,return,"too loose, looks like a sack",ORD-4105060,SKU-1818,V-18,Tiruppur,Leggings,M,mustrd,Other,,2026-09-14
C-00250,return,length is too short for me yaar,ORD-4836308,SKU-0117,V-01,Tiruppur,Kurtis,S,mustard,Other,,2026-09-24
C-02008,review,cut sahi nahi baithta body pe,ORD-4309203,SKU-1115,V-11,Tiruppur,Kurtas,XL,nevy,,3,2026-09-04
C-00878,review,"बहुत ढीला है, बड़ा साइज़ आ गया return kar diya",ORD-4039502,SKU-0305,V-03,Tiruppur,Kids tees,4-5 yrs,navy,,2,2026-09-26
C-01820,return,"kamar pe loose hai, baaki theek return kar diya",ORD-4888217,SKU-0904,V-09,Jaipur,Kurtas,Small,maroon,Other,,2026-08-27
C-01610,return,colour alag hai photo se return kar diya,ORD-4387451,SKU-2217,V-22,Jaipur,Palazzo,36,laal,Other,,2026-09-25
C-01585,review,??,ORD-4396369,SKU-2220,V-22,Jaipur,Palazzo,40,mustrd,,2,2026-09-17
C-01320,review,"fitting sahi nahi, ek size bada lena padega yaar",ORD-4239408,SKU-1910,V-19,Tiruppur,Leggings,Large,black,,2,2026-09-25
C-01734,review,silai khul gayi pehle hi din,ORD-4631310,SKU-2308,V-23,Tiruppur,Palazzo,S,blk,,2,2026-10-03
C-01739,review,"kapda patla hai, ek dhulai me kharab ho gaya 👎",ORD-4615888,SKU-2315,V-23,Tiruppur,Palazzo,M,MRN,,2,2026-09-01
C-01740,return,"DELIVERY BOHOT DER SE HUI, AB ZAROORAT NAHI",ORD-4493650,SKU-2315,V-23,Tiruppur,Palazzo,L,Navy Blue,Other,,2026-09-24
C-00868,return,bacche ko bahut dhila hai return kar diya,ORD-4174292,SKU-0314,V-03,Tiruppur,Kids tees,4-5 yrs,Navy Blue,Other,,2026-09-04
C-00439,review,wapas kar diya bas,ORD-4745244,SKU-0203,V-02,Jaipur,Kurtis,Medium,MRN,,3,2026-09-16
C-01982,review,"LATE AAYA, FUNCTION NIKAL GAYA 👎",ORD-4360257,SKU-1113,V-11,Tiruppur,Kurtas,XL,mehroon,,1,2026-10-02
C-02020,return,"bust pe bhot tight, return kar diya plz jaldi refund karo",ORD-4933908,SKU-0702,V-07,Tiruppur,Kurtis,40,Maroon ,Other,,2026-09-07
C-00633,return,"बहुत ढीला है, बड़ा साइज़ आ गया return kar diya",ORD-4546893,SKU-0512,V-05,Tiruppur,Dresses,M,Navy Blue,Other,,2026-09-28
C-01599,return,color is different from the picture return kar diya,ORD-4166585,SKU-2203,V-22,Jaipur,Palazzo,42,blk,Other,,2026-09-19
C-00475,review,ghutne se upar aa raha hai return kar diya,ORD-4480430,SKU-1214,V-12,Jaipur,Dresses,Large,peach,,2,2026-09-09
C-00665,return,bad,ORD-4084632,SKU-0515,V-05,Tiruppur,Dresses,L,laal,Other,,2026-09-16
C-01733,review,COLOR ALAG HAI PHOTO SE,ORD-4050099,SKU-2303,V-23,Tiruppur,Palazzo,XL,mustrd,,1,2026-09-30
C-01424,return,"साइज़ छोटा है, बहुत टाइट है 👎",ORD-4027661,SKU-2009,V-20,Jaipur,Leggings,S,blk,Other,,2026-09-03
C-00925,return,galti se order ho gaya tha yaar,ORD-4365124,SKU-0312,V-03,Tiruppur,Kids tees,2-3 yrs,laal,Other,,2026-09-09
C-00139,return,"shoulder se tight hai, haath nahi uthta plz jaldi refund karo",ORD-4613177,SKU-0717,V-07,Tiruppur,Kurtis,42,MRN,Other,,2026-09-25
C-00360,return,"bohot dheela hai, hang ho raha paisa waste",ORD-4772678,SKU-0220,V-02,Jaipur,Kurtis,Small,black,Other,,2026-09-24
C-01199,return,"shoulder se tight hai, haath nahi uthta refund chahiye",ORD-4519916,SKU-1806,V-18,Tiruppur,Leggings,L,mustrd,Other,,2026-09-16
C-01717,return,no,ORD-4274885,SKU-2310,V-23,Tiruppur,Palazzo,S,laal,Other,,2026-09-11
C-00403,review,dhone pe rang nikal gaya aur sikud gaya paisa waste,ORD-4475773,SKU-0209,V-02,Jaipur,Kurtis,Small,red,,1,2026-08-26
C-01189,review,"shoulder se tight hai, haath nahi uthta plz jaldi refund karo",ORD-4762292,SKU-1813,V-18,Tiruppur,Leggings,M,MRN,,1,2026-08-26
C-00727,review,"बहुत ढीला है, बड़ा साइज़ आ गया return kar diya",ORD-4768766,SKU-0605,V-06,Jaipur,Dresses,38,laal,,3,2026-09-03
C-01628,review,"arrived after the wedding, no use now refund chahiye",ORD-4619936,SKU-2208,V-22,Jaipur,Palazzo,36,Black,,3,2026-09-11
C-01195,return,"fitting sahi nahi, ek size bada lena padega return kar diya",ORD-4121080,SKU-1807,V-18,Tiruppur,Leggings,S,Maroon ,Other,,2026-09-14
C-01020,review,"tag nahi tha, used lag raha tha plz jaldi refund karo",ORD-4238478,SKU-0410,V-04,Tiruppur,Kids tees,6Y,mustard,,1,2026-09-24
C-01214,return,"SHORT HAI, FUNCTION ME NAHI PEHEN SAKTI paisa waste",ORD-4030388,SKU-1808,V-18,Tiruppur,Leggings,M,red,Other,,2026-09-26
C-00113,return,cut sahi nahi baithta body pe,ORD-4771270,SKU-0712,V-07,Tiruppur,Kurtis,40,navy,Other,,2026-09-10
C-01752,review,"rang halka hai, website pe dark tha",ORD-4045962,SKU-2320,V-23,Tiruppur,Palazzo,XL,Navy Blue,,2,2026-09-29
C-01413,return,"size bada nikla, ek size chhota mangwana pada",ORD-4919555,SKU-2007,V-20,Jaipur,Leggings,L,Black,Other,,2026-09-09
C-00606,return,ghutne se upar aa raha hai,ORD-4350198,SKU-0505,V-05,Tiruppur,Dresses,S,mustrd,Other,,2026-09-18
C-01364,return,"late aaya, function nikal gaya plz jaldi refund karo",ORD-4058886,SKU-1908,V-19,Tiruppur,Leggings,Small,Black,Other,,2026-09-12
C-00789,return,"LATE AAYA, FUNCTION NIKAL GAYA yaar",ORD-4773909,SKU-0602,V-06,Jaipur,Dresses,42,mustard,Other,,2026-10-03
C-01014,review,"late aaya, function nikal gaya paisa waste",ORD-4022484,SKU-0405,V-04,Tiruppur,Kids tees,6Y,Black,,2,2026-09-12
C-01709,return,silai khul gayi pehle hi din paisa waste,ORD-4895268,SKU-2319,V-23,Tiruppur,Palazzo,M,laal,Other,,2026-09-23
C-00594,return,color alag hai photo se paisa waste,ORD-4558553,SKU-1211,V-12,Jaipur,Dresses,Small,Navy Blue,Other,,2026-08-25
C-01399,review,"bohot dheela hai, hang ho raha",ORD-4216393,SKU-2004,V-20,Jaipur,Leggings,XL,Black,,2,2026-08-29
C-00892,review,"size bada nikla, ek size chhota mangwana pada refund chahiye",ORD-4160454,SKU-0307,V-03,Tiruppur,Kids tees,4-5 yrs,black,,2,2026-09-22
C-01072,return,KAPDA PATLA HAI AUR DHEELA BHI HAI,ORD-4960852,SKU-0816,V-08,Jaipur,Kids tees,Age 6,mustard,Other,,2026-09-04
C-01175,return,"delivery bohot der se hui, ab zaroorat nahi 👎",ORD-4184022,SKU-0806,V-08,Jaipur,Kids tees,Age 8,mustrd,Other,,2026-10-03
C-01504,review,dusra pasand aa gaya isliye wapas 👎,ORD-4704455,SKU-2008,V-20,Jaipur,Leggings,L,nevy,,2,2026-09-25
C-00881,review,"TOO LOOSE, LOOKS LIKE A SACK",ORD-4259780,SKU-0317,V-03,Tiruppur,Kids tees,8-9 yrs,laal,,1,2026-09-16
C-00399,return,"delivery bhot der se hui, ab zaroorat nahi",ORD-4518150,SKU-0216,V-02,Jaipur,Kurtis,Large,blk,Other,,2026-09-20
C-00677,return,??,ORD-4196702,SKU-0519,V-05,Tiruppur,Dresses,L,Black,Other,,2026-09-11
C-01745,return,no,ORD-4950761,SKU-2320,V-23,Tiruppur,Palazzo,S,nevy,Other,,2026-08-27
C-00976,return,"BAJU CHHOTI HAI, KALAI TAK NAHI AATI",ORD-4848690,SKU-0410,V-04,Tiruppur,Kids tees,6Y,maroon,Other,,2026-08-28
C-00359,review,"बहुत ढीला है, बड़ा साइज़ आ गया yaar",ORD-4274951,SKU-0214,V-02,Jaipur,Kurtis,Large,Navy Blue,,3,2026-09-17
C-01291,return,"kamar pe tight hai, saans nahi aati",ORD-4596210,SKU-1917,V-19,Tiruppur,Leggings,Medium,black,Other,,2026-09-24
C-01947,review,"delivery bhot der se hui, ab zaroorat nahi 👎",ORD-4398466,SKU-1110,V-11,Tiruppur,Kurtas,S,black,,2,2026-09-15
C-00149,review,"too tite on the chest, had to return paisa waste",ORD-4687145,SKU-0714,V-07,Tiruppur,Kurtis,38,pink,,1,2026-09-07
C-01447,review,"short hai, function me nahi pehen sakti",ORD-4621339,SKU-2007,V-20,Jaipur,Leggings,L,MRN,,2,2026-09-23
C-01437,return,"rang alag hai, upar se bust pe tight plz jaldi refund karo",ORD-4957857,SKU-2010,V-20,Jaipur,Leggings,S,peach,Other,,2026-09-23
C-01786,return,"baju lambi hai, mod ke pehenna padta yaar",ORD-4290937,SKU-0905,V-09,Jaipur,Kurtas,Large,Black,Other,,2026-09-01
C-00980,return,"kamar pe loose hai, baaki theek",ORD-4771505,SKU-0410,V-04,Tiruppur,Kids tees,2Y,laal,Other,,2026-09-02
C-00081,review,"chest pe fit nahi aa raha, chhota hai 👎",ORD-4269076,SKU-0704,V-07,Tiruppur,Kurtis,40,Black,,1,2026-09-17
C-00212,review,"delivery bhot der se hui, ab zaroorat nahi",ORD-4957497,SKU-0704,V-07,Tiruppur,Kurtis,42,maroon,,3,2026-08-29
C-00540,review,"size chota hai, L bhi tight lag raha",ORD-4000753,SKU-1216,V-12,Jaipur,Dresses,Large,Maroon ,,3,2026-09-13
C-00622,return,"rang alag hai, upar se bust pe tite paisa waste",ORD-4829676,SKU-0517,V-05,Tiruppur,Dresses,XL,black,Other,,2026-09-24
C-00641,return,"बहुत ढीला है, बड़ा साइज़ आ गया plz jaldi refund karo",ORD-4519830,SKU-0506,V-05,Tiruppur,Dresses,M,nevy,Other,,2026-09-11
C-00390,return,"too tight on the chest, had to return refund chahiye",ORD-4815894,SKU-0219,V-02,Jaipur,Kurtis,X-Large,nevy,Other,,2026-08-25
C-01306,return,"baju chhoti hai, kalai tak nahi aati refund chahiye",ORD-4977854,SKU-1917,V-19,Tiruppur,Leggings,Small,blk,Other,,2026-09-29
C-00532,review,length is too short for me paisa waste,ORD-4343116,SKU-1215,V-12,Jaipur,Dresses,Small,peach,,2,2026-09-21
C-00236,return,"shoulder se utar raha hai, bada hai return kar diya",ORD-4107061,SKU-0109,V-01,Tiruppur,Kurtis,XL,peach,Other,,2026-09-28
C-00862,return,"too loose, looks like a sack plz jaldi refund karo",ORD-4924077,SKU-0302,V-03,Tiruppur,Kids tees,6-7 yrs,MRN,Other,,2026-09-05
C-01949,review,,ORD-4981288,SKU-1105,V-11,Tiruppur,Kurtas,XL,laal,,3,2026-09-01
C-00112,return,color alag tha aur size bhi chhota yaar,ORD-4324117,SKU-0709,V-07,Tiruppur,Kurtis,38,navy,Other,,2026-09-08
C-01792,review,"RANG ALAG HAI, UPAR SE BUST PE TITE",ORD-4715596,SKU-0913,V-09,Jaipur,Kurtas,X-Large,blk,,1,2026-08-29
C-00194,review,dhone pe rang nikal gaya aur sikud gaya paisa waste,ORD-4005198,SKU-0702,V-07,Tiruppur,Kurtis,38,Navy Blue,,2,2026-09-30
C-00282,return,colour alag hai photo se,ORD-4686247,SKU-0104,V-01,Tiruppur,Kurtis,XL,black,Other,,2026-09-16
C-00490,review,CUT SAHI NAHI BAITHTA BODY PE,ORD-4786242,SKU-1219,V-12,Jaipur,Dresses,Medium,navy,,1,2026-10-02
C-00929,return,"tag nahi tha, used lag raha tha return kar diya",ORD-4726878,SKU-0303,V-03,Tiruppur,Kids tees,6-7 yrs,peach,Other,,2026-08-27
C-01390,return,"length zyada hai, katwana padega",ORD-4664184,SKU-2006,V-20,Jaipur,Leggings,L,Maroon ,Other,,2026-08-31
C-01551,return,"bust pe bohot tight, return kar diya plz jaldi refund karo",ORD-4814495,SKU-2213,V-22,Jaipur,Palazzo,38,maroon,Other,,2026-09-01
C-01953,return,"rang halka hai, website pe dark tha return kar diya",ORD-4129935,SKU-1106,V-11,Tiruppur,Kurtas,L,laal,Other,,2026-08-27
C-00903,return,"shoulder se utar raha hai, bada hai paisa waste",ORD-4866989,SKU-0309,V-03,Tiruppur,Kids tees,2-3 yrs,mustrd,Other,,2026-08-26
C-01544,return,kapda patla hai aur dheela bhi hai,ORD-4412374,SKU-2202,V-22,Jaipur,Palazzo,42,Navy Blue,Other,,2026-08-27
C-00898,review,bacche ko bhot dhila hai refund chahiye,ORD-4891800,SKU-0310,V-03,Tiruppur,Kids tees,4-5 yrs,blk,,1,2026-09-15
C-00410,return,"LATE AAYA, FUNCTION NIKAL GAYA",ORD-4985372,SKU-0204,V-02,Jaipur,Kurtis,X-Large,black,Other,,2026-08-28
C-01679,return,"साइज़ छोटा है, बहुत टाइट है",ORD-4632351,SKU-2307,V-23,Tiruppur,Palazzo,S,navy,Other,,2026-09-21
C-01494,return,color is different from the picture yaar,ORD-4262479,SKU-2007,V-20,Jaipur,Leggings,L,Black,Other,,2026-09-09
C-01563,return,"short hai, function me nahi pehen sakti",ORD-4775666,SKU-2205,V-22,Jaipur,Palazzo,36,nevy,Other,,2026-09-22
C-00398,review,"TOO LOOSE, LOOKS LIKE A SACK plz jaldi refund karo",ORD-4940463,SKU-0206,V-02,Jaipur,Kurtis,Large,mustard,,1,2026-09-15
C-01301,review,"fitting ajeeb hai, shape theek nahi",ORD-4635578,SKU-1915,V-19,Tiruppur,Leggings,X-Large,mustard,,2,2026-09-08
C-01272,return,"shoulder se utar raha hai, bada hai plz jaldi refund karo",ORD-4086533,SKU-1917,V-19,Tiruppur,Leggings,Small,laal,Other,,2026-09-08
C-02003,return,galti se order ho gaya tha paisa waste,ORD-4000400,SKU-2310,V-23,Tiruppur,Palazzo,XL,maroon,Other,,2026-09-13
C-01726,review,"कपड़ा बहुत पतला है, घटिया क्वालिटी refund chahiye",ORD-4578401,SKU-2303,V-23,Tiruppur,Palazzo,S,mustard,,3,2026-09-18
C-00341,review,"length zyada hai, katwana padega",ORD-4306771,SKU-0205,V-02,Jaipur,Kurtis,Medium,Navy Blue,,2,2026-08-28
C-01209,return,"BAHUT DHEELA HAI, HANG HO RAHA",ORD-4660483,SKU-1802,V-18,Tiruppur,Leggings,M,Maroon ,Other,,2026-09-22
C-01678,return,"bahut lamba hai, zameen pe lag raha",ORD-4945444,SKU-2314,V-23,Tiruppur,Palazzo,M,mehroon,Other,,2026-09-13
C-01256,review,"kapda patla hai, ek dhulai me kharab ho gaya yaar",ORD-4905312,SKU-1809,V-18,Tiruppur,Leggings,M,Maroon ,,2,2026-08-26
C-01723,review,packet khula hua aaya tha plz jaldi refund karo,ORD-4946150,SKU-2320,V-23,Tiruppur,Palazzo,S,Navy Blue,,1,2026-09-25
C-01796,return,baju bahut tite hai,ORD-4000278,SKU-0909,V-09,Jaipur,Kurtas,Large,mustard,Other,,2026-09-03
C-00755,review,"साइज़ छोटा है, बहुत टाइट है return kar diya",ORD-4770664,SKU-0608,V-06,Jaipur,Dresses,42,mustard,,3,2026-09-28
C-00221,review,"too tight on the chest, had to return refund chahiye",ORD-4521497,SKU-0113,V-01,Tiruppur,Kurtis,L,blk,,1,2026-09-26
C-01179,return,"length bahut kam hai, photo me lamba dikh raha tha",ORD-4965591,SKU-1819,V-18,Tiruppur,Leggings,L,maroon,Other,,2026-09-22
C-00131,return,"shoulder se tight hai, haath nahi uthta 👎",ORD-4798154,SKU-0705,V-07,Tiruppur,Kurtis,42,peach,Other,,2026-09-27
C-01837,review,"kapda patla hai, ek dhulai me kharab ho gaya plz jaldi refund karo",ORD-4865095,SKU-0920,V-09,Jaipur,Kurtas,Small,maroon,,2,2026-08-24
C-01427,return,"kamar pe loose hai, baaki theek refund chahiye",ORD-4935146,SKU-2002,V-20,Jaipur,Leggings,L,red,Other,,2026-10-01
C-00034,return,"chest pe fit nahi aa raha, chhota hai",ORD-4448874,SKU-0720,V-07,Tiruppur,Kurtis,42,pink,Other,,2026-09-16
C-01829,return,"rang halka hai, website pe dark tha paisa waste",ORD-4105759,SKU-0909,V-09,Jaipur,Kurtas,Small,pink,Other,,2026-08-24
C-00159,return,"too tight on the chest, had to return refund chahiye",ORD-4896564,SKU-0714,V-07,Tiruppur,Kurtis,40,laal,Other,,2026-09-04
C-01699,review,"KAMAR PE LOOSE HAI, BAAKI THEEK plz jaldi refund karo",ORD-4720918,SKU-2306,V-23,Tiruppur,Palazzo,S,navy,,2,2026-08-30
C-01918,return,"rang alag hai, upar se bust pe tite refund chahiye",ORD-4274680,SKU-1113,V-11,Tiruppur,Kurtas,L,laal,Other,,2026-08-30
C-00006,return,length is too short for me,ORD-4535274,SKU-0703,V-07,Tiruppur,Kurtis,40,mustrd,Other,,2026-08-25
C-01989,return,packet khula hua aaya tha plz jaldi refund karo,ORD-4506023,SKU-1112,V-11,Tiruppur,Kurtas,S,red,Other,,2026-09-20
C-00624,return,length is too short for me 👎,ORD-4055653,SKU-0509,V-05,Tiruppur,Dresses,L,nevy,Other,,2026-09-12
C-00816,review,"arrived after the wedding, no use now",ORD-4076475,SKU-0604,V-06,Jaipur,Dresses,36,red,,2,2026-09-11
C-00255,return,bacche ko bahut dhila hai plz jaldi refund karo,ORD-4185385,SKU-0114,V-01,Tiruppur,Kurtis,XL,Maroon ,Other,,2026-09-25
C-01979,return,"fabric cheap lagta hai, photo jaisa nahi",ORD-4090334,SKU-1107,V-11,Tiruppur,Kurtas,XL,mustard,Other,,2026-09-07
C-00996,return,"short hai, function me nahi pehen sakti",ORD-4780277,SKU-0410,V-04,Tiruppur,Kids tees,2Y,laal,Other,,2026-08-26
C-00796,return,"tag nahi tha, used lag raha tha return kar diya",ORD-4212513,SKU-0611,V-06,Jaipur,Dresses,40,mustard,Other,,2026-09-08
C-01436,review,"TOO LOOSE, LOOKS LIKE A SACK refund chahiye",ORD-4480261,SKU-2014,V-20,Jaipur,Leggings,L,Maroon ,,2,2026-08-26
C-01013,return,jaisa socha tha waisa nahi nikla refund chahiye,ORD-4942905,SKU-0417,V-04,Tiruppur,Kids tees,8Y,red,Other,,2026-09-05
C-01619,return,"tag nahi tha, used lag raha tha paisa waste",ORD-4827990,SKU-2217,V-22,Jaipur,Palazzo,42,black,Other,,2026-09-29
C-00575,return,"rang halka hai, website pe dark tha return kar diya",ORD-4580882,SKU-1213,V-12,Jaipur,Dresses,Large,mehroon,Other,,2026-09-17
C-00074,review,"chest pe fit nahi aa raha, chhota hai yaar",ORD-4890816,SKU-0706,V-07,Tiruppur,Kurtis,42,Navy Blue,,1,2026-10-01
C-00127,return,"baju chhoti hai, kalai tak nahi aati yaar",ORD-4937647,SKU-0701,V-07,Tiruppur,Kurtis,42,mustrd,Other,,2026-08-26
C-01582,return,"late aaya, function nikal gaya",ORD-4390698,SKU-2214,V-22,Jaipur,Palazzo,42,red,Other,,2026-09-03
C-00507,return,"baju chhoti hai, kalai tak nahi aati 👎",ORD-4167769,SKU-1209,V-12,Jaipur,Dresses,Medium,red,Other,,2026-10-03
C-01761,return,"size bada nikla, ek size chhota mangwana pada return kar diya",ORD-4976676,SKU-0912,V-09,Jaipur,Kurtas,Medium,mustard,Other,,2026-09-22
C-00968,return,"kamar pe tight hai, saans nahi aati plz jaldi refund karo",ORD-4129645,SKU-0416,V-04,Tiruppur,Kids tees,4Y,mustard,Other,,2026-09-08
C-00420,return,"fabric cheap lagta hai, photo jaisa nahi",ORD-4723050,SKU-0213,V-02,Jaipur,Kurtis,X-Large,pink,Other,,2026-09-03
C-01474,return,"late aaya, function nikal gaya paisa waste",ORD-4783309,SKU-2002,V-20,Jaipur,Leggings,L,nevy,Other,,2026-08-31
C-01247,review,dhone pe rang nikal gaya aur sikud gaya 👎,ORD-4145850,SKU-1805,V-18,Tiruppur,Leggings,S,blk,,1,2026-09-23
C-00577,return,STITCHING IS POOR AND THREAD COMING OUT return kar diya,ORD-4541124,SKU-1201,V-12,Jaipur,Dresses,Medium,mustrd,Other,,2026-08-29
C-01848,review,??,ORD-4389027,SKU-0919,V-09,Jaipur,Kurtas,X-Large,Maroon ,,3,2026-09-29
C-00162,review,"size chota hai, M bhi tight lag raha",ORD-4756150,SKU-0705,V-07,Tiruppur,Kurtis,38,blk,,1,2026-09-16
C-01831,return,"pic me maroon tha, ye to laal hai paisa waste",ORD-4648148,SKU-0910,V-09,Jaipur,Kurtas,Small,black,Other,,2026-09-30
C-01205,review,"bust pe bhot tight, return kar diya refund chahiye",ORD-4029888,SKU-1804,V-18,Tiruppur,Leggings,XL,peach,,1,2026-08-27
C-01186,return,"bahut lamba hai, zameen pe lag raha 👎",ORD-4437485,SKU-1819,V-18,Tiruppur,Leggings,L,black,Other,,2026-09-24
C-01318,return,"fitting sahi nahi, ek size bada lena padega",ORD-4492005,SKU-1906,V-19,Tiruppur,Leggings,X-Large,maroon,Other,,2026-08-24
C-01457,return,"late aaya, function nikal gaya",ORD-4135079,SKU-2014,V-20,Jaipur,Leggings,S,blk,Other,,2026-09-10
C-01911,return,"baju lambi hai, mod ke pehenna padta",ORD-4893744,SKU-1115,V-11,Tiruppur,Kurtas,L,Navy Blue,Other,,2026-09-06
C-02014,return,"fitting ajeeb hai, shape theek nahi plz jaldi refund karo",ORD-4636116,SKU-0905,V-09,Jaipur,Kurtas,Small,Navy Blue,Other,,2026-10-01
C-00525,return,"BAJU CHHOTI HAI, KALAI TAK NAHI AATI return kar diya",ORD-4105387,SKU-1214,V-12,Jaipur,Dresses,Medium,Navy Blue,Other,,2026-08-28
C-00463,return,length is too short for me plz jaldi refund karo,ORD-4298251,SKU-1201,V-12,Jaipur,Dresses,Medium,red,Other,,2026-09-10
C-01163,return,KALAR ALAG HAI PHOTO SE yaar,ORD-4091557,SKU-0814,V-08,Jaipur,Kids tees,Age 2,MRN,Other,,2026-09-04
C-01565,review,"size chotta hai, M bhi tight lag raha return kar diya",ORD-4563401,SKU-2215,V-22,Jaipur,Palazzo,38,laal,,2,2026-09-16
C-00478,return,"short hai, function me nahi pehen sakti yaar",ORD-4820232,SKU-1209,V-12,Jaipur,Dresses,Large,laal,Other,,2026-09-20
C-00609,return,"chest pe fit nahi aa raha, chhota hai yaar",ORD-4217686,SKU-0502,V-05,Tiruppur,Dresses,XL,mustrd,Other,,2026-09-25
C-00813,return,colour alag hai photo se 👎,ORD-4915513,SKU-0607,V-06,Jaipur,Dresses,36,maroon,Other,,2026-10-02
C-00835,return,theek nahi laga,ORD-4626806,SKU-0617,V-06,Jaipur,Dresses,36,MRN,Other,,2026-10-01
C-00632,return,"bust pe bahut tight, return kar diya 👎",ORD-4267003,SKU-0520,V-05,Tiruppur,Dresses,S,mustrd,Other,,2026-09-08
C-01618,return,"pic me maroon tha, ye to laal hai yaar",ORD-4120117,SKU-2214,V-22,Jaipur,Palazzo,36,Navy Blue,Other,,2026-09-08
C-00424,return,"fabric cheap lagta hai, photo jaisa nahi",ORD-4572727,SKU-0217,V-02,Jaipur,Kurtis,Large,mustrd,Other,,2026-09-01
C-00821,review,packet khula hua aaya tha plz jaldi refund karo,ORD-4621440,SKU-0615,V-06,Jaipur,Dresses,42,mustrd,,2,2026-09-21
C-00433,return,dhone pe rang nikal gaya aur sikud gaya plz jaldi refund karo,ORD-4612348,SKU-0217,V-02,Jaipur,Kurtis,Large,blk,Other,,2026-08-27
C-00323,return,"kapda patla hai, ek dhulai me kharab ho gaya",ORD-4537778,SKU-0111,V-01,Tiruppur,Kurtis,L,mustard,Other,,2026-08-31
C-00224,return,"short hai, function me nahi pehen sakti",ORD-4392331,SKU-0111,V-01,Tiruppur,Kurtis,XL,maroon,Other,,2026-09-17
C-01299,return,"shoulder se utar raha hai, bada hai",ORD-4205472,SKU-1916,V-19,Tiruppur,Leggings,Large,MRN,Other,,2026-09-29
C-01728,review,packet khula hua aaya tha paisa waste,ORD-4737038,SKU-2310,V-23,Tiruppur,Palazzo,XL,blk,,1,2026-10-03
C-00977,review,"length zyada hai, katwana padega paisa waste",ORD-4425995,SKU-0412,V-04,Tiruppur,Kids tees,4Y,mustard,,2,2026-08-25
C-01872,return,galti se order ho gaya tha 👎,ORD-4346883,SKU-0914,V-09,Jaipur,Kurtas,Large,maroon,Other,,2026-09-20
C-00992,review,"साइज़ छोटा है, बहुत टाइट है plz jaldi refund karo",ORD-4978476,SKU-0417,V-04,Tiruppur,Kids tees,8Y,pink,,2,2026-09-13
C-00076,return,"chest pe fit nahi aa raha, chhota hai plz jaldi refund karo",ORD-4454114,SKU-0705,V-07,Tiruppur,Kurtis,42,mehroon,Other,,2026-08-27
C-00148,review,ghutne se upar aa raha hai yaar,ORD-4108802,SKU-0711,V-07,Tiruppur,Kurtis,38,laal,,3,2026-09-29
C-00819,review,"कपड़ा बहुत पतला है, घटिया क्वालिटी return kar diya",ORD-4979855,SKU-0609,V-06,Jaipur,Dresses,40,mehroon,,2,2026-09-21
C-00014,return,"bust pe bhot tight, return kar diya yaar",ORD-4525573,SKU-0719,V-07,Tiruppur,Kurtis,40,peach,Other,,2026-10-02
C-01983,return,silai khul gayi pehle hi din,ORD-4400997,SKU-1101,V-11,Tiruppur,Kurtas,S,laal,Other,,2026-08-31
C-01321,return,"kamar pe loose hai, baaki theek yaar",ORD-4600284,SKU-1904,V-19,Tiruppur,Leggings,Medium,peach,Other,,2026-09-15
C-00873,review,"kamar pe loose hai, baaki theek",ORD-4041285,SKU-0301,V-03,Tiruppur,Kids tees,6-7 yrs,MRN,,1,2026-09-05
C-00598,review,"kamar pe loose hai, baaki theek return kar diya",ORD-4638543,SKU-0502,V-05,Tiruppur,Dresses,L,nevy,,1,2026-09-03
C-00008,review,"fitting sahi nahi, ek size bada lena padega refund chahiye",ORD-4020594,SKU-0717,V-07,Tiruppur,Kurtis,38,laal,,3,2026-09-03
C-00242,return,"length zyada hai, katwana padega return kar diya",ORD-4128157,SKU-0110,V-01,Tiruppur,Kurtis,L,red,Other,,2026-10-03
C-01471,return,"pic me maroon tha, ye to laal hai",ORD-4249122,SKU-2011,V-20,Jaipur,Leggings,XL,red,Other,,2026-09-01
C-00064,return,"too tite on the chest, had to return return kar diya",ORD-4637483,SKU-0719,V-07,Tiruppur,Kurtis,38,maroon,Other,,2026-10-01
C-00848,review,"baju lambi hai, mod ke pehenna padta",ORD-4527901,SKU-0306,V-03,Tiruppur,Kids tees,4-5 yrs,nevy,,2,2026-09-08
C-01337,return,"late aaya, function nikal gaya",ORD-4140426,SKU-1909,V-19,Tiruppur,Leggings,Medium,MRN,Other,,2026-10-02
C-01569,review,"bahut dheela hai, hang ho raha yaar",ORD-4783421,SKU-2201,V-22,Jaipur,Palazzo,40,Black,,1,2026-09-08
C-00174,return,dhone pe rang nikal gaya aur sikud gaya,ORD-4955378,SKU-0703,V-07,Tiruppur,Kurtis,40,pink,Other,,2026-09-02
C-01766,return,"SIZE CHHOTA HAI, L BHI TITE LAG RAHA",ORD-4901174,SKU-0917,V-09,Jaipur,Kurtas,Large,Navy Blue,Other,,2026-09-19
C-00497,return,LENGTH IS TOO SHORT FOR ME,ORD-4301917,SKU-1208,V-12,Jaipur,Dresses,X-Large,mehroon,Other,,2026-09-17
C-00087,review,"bust pe bohot tight, return kar diya 👎",ORD-4727411,SKU-0703,V-07,Tiruppur,Kurtis,40,laal,,1,2026-09-13
C-01936,return,"too tight on the chest, had to return 👎",ORD-4500735,SKU-1120,V-11,Tiruppur,Kurtas,L,blk,Other,,2026-08-30
C-00054,review,"kamar pe tight hai, saans nahi aati plz jaldi refund karo",ORD-4046077,SKU-0720,V-07,Tiruppur,Kurtis,40,mustrd,,2,2026-09-29
C-01929,return,ghutne se upar aa raha hai paisa waste,ORD-4642511,SKU-1119,V-11,Tiruppur,Kurtas,XL,maroon,Other,,2026-09-09
C-01550,return,"kamar pe tite hai, saans nahi aati",ORD-4491085,SKU-2205,V-22,Jaipur,Palazzo,40,nevy,Other,,2026-09-23
C-01694,return,"fitting sahi nahi, ek size bada lena padega paisa waste",ORD-4752351,SKU-2316,V-23,Tiruppur,Palazzo,S,navy,Other,,2026-09-22
C-01996,review,"fabric cheap lagta hai, photo jaisa nahi",ORD-4213511,SKU-1107,V-11,Tiruppur,Kurtas,S,mustrd,,2,2026-09-19
C-00036,return,"size chotta hai, S bhi tight lag raha",ORD-4650539,SKU-0711,V-07,Tiruppur,Kurtis,36,laal,Other,,2026-08-26
C-01048,return,??,ORD-4552149,SKU-0420,V-04,Tiruppur,Kids tees,6Y,Black,Other,,2026-09-29
C-00340,review,ghutne se upar aa raha hai refund chahiye,ORD-4384459,SKU-0220,V-02,Jaipur,Kurtis,Medium,peach,,3,2026-10-01
C-01176,review,color is different from the picture,ORD-4508148,SKU-0812,V-08,Jaipur,Kids tees,Age 8,peach,,1,2026-09-23
C-00666,review,"pic me maroon tha, ye to laal hai 👎",ORD-4930588,SKU-0509,V-05,Tiruppur,Dresses,XL,mustard,,2,2026-09-10
C-00676,review,"galat product aaya, maine ye nahi mangwaya return kar diya",ORD-4144753,SKU-0501,V-05,Tiruppur,Dresses,XL,Maroon ,,2,2026-08-30
C-00750,return,kapda patla hai aur dheela bhi hai yaar,ORD-4582718,SKU-0618,V-06,Jaipur,Dresses,38,Maroon ,Other,,2026-10-02
C-01913,review,"baju lambi hai, mod ke pehenna padta refund chahiye",ORD-4211990,SKU-1113,V-11,Tiruppur,Kurtas,S,peach,,3,2026-09-04
C-01096,return,cut sahi nahi baithta body pe,ORD-4888879,SKU-0820,V-08,Jaipur,Kids tees,Age 2,red,Other,,2026-09-18
C-00560,review,"kapda patla hai, ek dhulai me kharab ho gaya 👎",ORD-4988394,SKU-1218,V-12,Jaipur,Dresses,X-Large,mehroon,,2,2026-09-10
C-00147,review,"TOO TIGHT ON THE CHEST, HAD TO RETURN return kar diya",ORD-4298039,SKU-0718,V-07,Tiruppur,Kurtis,38,navy,,1,2026-10-01
C-00744,return,late aaya aur length bhi kam hai return kar diya,ORD-4752097,SKU-0607,V-06,Jaipur,Dresses,42,nevy,Other,,2026-08-24
C-00751,return,"BHOT DHEELA HAI, HANG HO RAHA",ORD-4924686,SKU-0608,V-06,Jaipur,Dresses,40,peach,Other,,2026-09-20
C-00495,review,"LENGTH BOHOT KAM HAI, PHOTO ME LAMBA DIKH RAHA THA yaar",ORD-4614209,SKU-1213,V-12,Jaipur,Dresses,X-Large,red,,3,2026-08-26
C-01267,return,"fitting ajeeb hai, shape theek nahi 👎",ORD-4247428,SKU-1903,V-19,Tiruppur,Leggings,Large,navy,Other,,2026-09-26
C-01984,return,galti se order ho gaya tha 👎,ORD-4797026,SKU-1113,V-11,Tiruppur,Kurtas,S,laal,Other,,2026-08-27
C-00859,review,"too loose, looks like a sack",ORD-4583748,SKU-0318,V-03,Tiruppur,Kids tees,2-3 yrs,laal,,3,2026-09-13
C-00273,return,ghutne se upar aa raha hai,ORD-4434924,SKU-0120,V-01,Tiruppur,Kurtis,M,Maroon ,Other,,2026-10-03
C-01500,return,ok,ORD-4449060,SKU-2012,V-20,Jaipur,Leggings,XL,Black,Other,,2026-09-13
C-00440,return,kalar alag hai photo se plz jaldi refund karo,ORD-4399759,SKU-0206,V-02,Jaipur,Kurtis,Small,pink,Other,,2026-09-21
C-01191,review,ghutne se upar aa raha hai yaar,ORD-4258898,SKU-1818,V-18,Tiruppur,Leggings,XL,blk,,1,2026-09-26
C-00239,return,"बहुत ढीला है, बड़ा साइज़ आ गया yaar",ORD-4136181,SKU-0110,V-01,Tiruppur,Kurtis,XL,maroon,Other,,2026-09-27
C-00705,return,"delivery bohot der se hui, ab zaroorat nahi",ORD-4931822,SKU-0502,V-05,Tiruppur,Dresses,S,Black,Other,,2026-09-03
C-00222,return,"shoulder se utar raha hai, bada hai plz jaldi refund karo",ORD-4948235,SKU-0117,V-01,Tiruppur,Kurtis,L,Navy Blue,Other,,2026-09-25
C-01549,return,length is too short for me plz jaldi refund karo,ORD-4791075,SKU-2214,V-22,Jaipur,Palazzo,42,mustard,Other,,2026-10-02
C-01455,return,stitching is poor and thread coming out,ORD-4334172,SKU-2009,V-20,Jaipur,Leggings,S,peach,Other,,2026-09-30
C-00912,return,"rang halka hai, website pe dark tha 👎",ORD-4625069,SKU-0304,V-03,Tiruppur,Kids tees,8-9 yrs,laal,Other,,2026-08-27
C-00063,return,"chest pe fit nahi aa raha, chhota hai",ORD-4473268,SKU-0710,V-07,Tiruppur,Kurtis,38,navy,Other,,2026-09-03
C-01898,return,"SHORT HAI, FUNCTION ME NAHI PEHEN SAKTI",ORD-4788347,SKU-1104,V-11,Tiruppur,Kurtas,S,maroon,Other,,2026-09-13
C-00038,return,"bust pe bhot tight, return kar diya plz jaldi refund karo",ORD-4933908,SKU-0702,V-07,Tiruppur,Kurtis,40,Maroon ,Other,,2026-09-07
C-00908,return,"कपड़ा बहुत पतला है, घटिया क्वालिटी return kar diya",ORD-4650996,SKU-0315,V-03,Tiruppur,Kids tees,4-5 yrs,maroon,Other,,2026-09-21
C-01483,return,"fabric cheap lagta hai, photo jaisa nahi",ORD-4103306,SKU-2011,V-20,Jaipur,Leggings,S,mehroon,Other,,2026-08-31
C-01418,review,kapda patla hai aur dhila bhi hai refund chahiye,ORD-4558105,SKU-2014,V-20,Jaipur,Leggings,S,mehroon,,1,2026-09-09
C-01310,return,"too loose, looks like a sack paisa waste",ORD-4689910,SKU-1916,V-19,Tiruppur,Leggings,Medium,nevy,Other,,2026-09-11
C-00134,review,baju bohot tight hai,ORD-4390532,SKU-0704,V-07,Tiruppur,Kurtis,42,laal,,2,2026-08-27
C-00939,return,"short hai, function me nahi pehen sakti",ORD-4979580,SKU-0420,V-04,Tiruppur,Kids tees,8Y,pink,Other,,2026-08-29
C-00491,return,"length bahut kam hai, photo me lamba dikh raha tha refund chahiye",ORD-4020723,SKU-1201,V-12,Jaipur,Dresses,Small,Maroon ,Other,,2026-09-27
C-00785,return,"pic me maroon tha, ye to laal hai return kar diya",ORD-4147045,SKU-0609,V-06,Jaipur,Dresses,38,black,Other,,2026-09-11
C-01341,review,color is different from the picture 👎,ORD-4570921,SKU-1904,V-19,Tiruppur,Leggings,X-Large,nevy,,1,2026-08-28
C-01021,review,dusra pasand aa gaya isliye wapas return kar diya,ORD-4441594,SKU-0410,V-04,Tiruppur,Kids tees,6Y,MRN,,2,2026-09-04
C-01557,return,"size chotta hai, XL bhi tight lag raha return kar diya",ORD-4697942,SKU-2213,V-22,Jaipur,Palazzo,42,navy,Other,,2026-09-15
C-01503,review,COLOUR ALAG HAI PHOTO SE paisa waste,ORD-4317328,SKU-2003,V-20,Jaipur,Leggings,XL,Maroon ,,3,2026-09-08
C-01338,return,"galat product aaya, maine ye nahi mangwaya",ORD-4072083,SKU-1908,V-19,Tiruppur,Leggings,Large,black,Other,,2026-08-25
C-00503,review,ghutne se upar aa raha hai,ORD-4314898,SKU-1218,V-12,Jaipur,Dresses,X-Large,Navy Blue,,2,2026-09-22
C-00694,return,"galat product aaya, maine ye nahi mangwaya plz jaldi refund karo",ORD-4194188,SKU-0518,V-05,Tiruppur,Dresses,XL,blk,Other,,2026-09-16
C-00231,return,"size bada nikla, ek size chhota mangwana pada plz jaldi refund karo",ORD-4508322,SKU-0120,V-01,Tiruppur,Kurtis,S,mehroon,Other,,2026-09-20
C-00073,return,"chest pe fit nahi aa raha, chhota hai return kar diya",ORD-4761709,SKU-0710,V-07,Tiruppur,Kurtis,42,nevy,Other,,2026-09-15
C-01764,return,"kamar pe tite hai, saans nahi aati return kar diya",ORD-4420919,SKU-0908,V-09,Jaipur,Kurtas,Large,navy,Other,,2026-08-24
C-00714,return,packet khula hua aaya tha,ORD-4677864,SKU-0507,V-05,Tiruppur,Dresses,L,blk,Other,,2026-09-22
C-00634,return,"short hai, function me nahi pehen sakti return kar diya",ORD-4942467,SKU-0514,V-05,Tiruppur,Dresses,S,MRN,Other,,2026-09-06
C-00942,return,"kamar pe tight hai, saans nahi aati",ORD-4816088,SKU-0420,V-04,Tiruppur,Kids tees,2Y,mustrd,Other,,2026-09-02
C-00348,review,length is too short for me return kar diya,ORD-4962195,SKU-0204,V-02,Jaipur,Kurtis,Medium,blk,,2,2026-09-22
C-00310,return,ACCHA NAHI HAI YE plz jaldi refund karo,ORD-4734264,SKU-0120,V-01,Tiruppur,Kurtis,S,Maroon ,Other,,2026-09-18
C-01688,return,"short hai, function me nahi pehen sakti",ORD-4978680,SKU-2308,V-23,Tiruppur,Palazzo,XL,maroon,Other,,2026-08-31
C-00284,review,"tag nahi tha, used lag raha tha refund chahiye",ORD-4391081,SKU-0109,V-01,Tiruppur,Kurtis,L,peach,,1,2026-09-30
C-01846,return,"late aaya, function nikal gaya refund chahiye",ORD-4706462,SKU-0911,V-09,Jaipur,Kurtas,Large,maroon,Other,,2026-09-04
C-01028,return,"fabric cheap lagta hai, photo jaisa nahi",ORD-4144226,SKU-0403,V-04,Tiruppur,Kids tees,8Y,red,Other,,2026-09-19
C-01611,review,"kapda patla hai, ek dhulai me kharab ho gaya",ORD-4962431,SKU-2202,V-22,Jaipur,Palazzo,42,MRN,,1,2026-09-18
C-01502,return,color is different from the picture,ORD-4501002,SKU-2003,V-20,Jaipur,Leggings,XL,mehroon,Other,,2026-08-25
C-00990,review,"bohot dheela hai, hang ho raha paisa waste",ORD-4729174,SKU-0414,V-04,Tiruppur,Kids tees,6Y,MRN,,1,2026-09-19
C-00658,return,"bahut dheela hai, hang ho raha",ORD-4023408,SKU-0519,V-05,Tiruppur,Dresses,S,laal,Other,,2026-09-23
C-00145,review,"fitting ajeeb hai, shape theek nahi",ORD-4207869,SKU-0714,V-07,Tiruppur,Kurtis,42,pink,,2,2026-08-24
C-00837,review,packet khula hua aaya tha return kar diya,ORD-4986714,SKU-0607,V-06,Jaipur,Dresses,42,Maroon ,,1,2026-09-05
C-01520,return,"KAMAR PE LOOSE HAI, BAAKI THEEK paisa waste",ORD-4855334,SKU-2206,V-22,Jaipur,Palazzo,42,maroon,Other,,2026-09-05
C-01664,review,"बहुत ढीला है, बड़ा साइज़ आ गया plz jaldi refund karo",ORD-4719843,SKU-2305,V-23,Tiruppur,Palazzo,XL,blk,,1,2026-09-24
C-00230,return,"बहुत ढीला है, बड़ा साइज़ आ गया",ORD-4539881,SKU-0115,V-01,Tiruppur,Kurtis,XL,navy,Other,,2026-09-28
C-01767,return,"bahut dheela hai, hang ho raha 👎",ORD-4523670,SKU-0916,V-09,Jaipur,Kurtas,Small,navy,Other,,2026-09-11
C-00383,return,"bust pe bohot tight, return kar diya plz jaldi refund karo",ORD-4717996,SKU-0218,V-02,Jaipur,Kurtis,Medium,black,Other,,2026-09-21
C-01160,return,galti se order ho gaya tha plz jaldi refund karo,ORD-4223992,SKU-0808,V-08,Jaipur,Kids tees,Age 8,Maroon ,Other,,2026-09-15
C-01737,return,.,ORD-4310025,SKU-2320,V-23,Tiruppur,Palazzo,XL,pink,Other,,2026-08-29
C-00522,review,length is too short for me,ORD-4103679,SKU-1215,V-12,Jaipur,Dresses,Medium,peach,,2,2026-09-17
C-00561,review,"कपड़ा बहुत पतला है, घटिया क्वालिटी paisa waste",ORD-4376711,SKU-1201,V-12,Jaipur,Dresses,Small,mustard,,2,2026-09-14
C-01659,review,"too tite on the chest, had to return refund chahiye",ORD-4731379,SKU-2311,V-23,Tiruppur,Palazzo,L,laal,,2,2026-09-09
C-01722,return,"galat product aaya, maine ye nahi mangwaya plz jaldi refund karo",ORD-4346803,SKU-2316,V-23,Tiruppur,Palazzo,M,blk,Other,,2026-08-27
C-01231,return,"कपड़ा बहुत पतला है, घटिया क्वालिटी plz jaldi refund karo",ORD-4298069,SKU-1810,V-18,Tiruppur,Leggings,XL,black,Other,,2026-08-28
C-00326,review,"fabric cheap lagta hai, photo jaisa nahi plz jaldi refund karo",ORD-4734166,SKU-0117,V-01,Tiruppur,Kurtis,L,pink,,1,2026-10-03
C-00336,review,"chest pe fit nahi aa raha, chhota hai plz jaldi refund karo",ORD-4474007,SKU-0220,V-02,Jaipur,Kurtis,Large,mustard,,2,2026-09-09
C-00581,return,"kapda patla hai, ek dhulai me kharab ho gaya plz jaldi refund karo",ORD-4255928,SKU-1220,V-12,Jaipur,Dresses,Medium,maroon,Other,,2026-09-06
C-01230,return,"pic me maroon tha, ye to laal hai",ORD-4359434,SKU-1813,V-18,Tiruppur,Leggings,S,Black,Other,,2026-09-15
C-00713,return,"galat product aaya, maine ye nahi mangwaya",ORD-4608785,SKU-0516,V-05,Tiruppur,Dresses,M,navy,Other,,2026-09-02
C-00485,review,"baju chhoti hai, kalai tak nahi aati",ORD-4641477,SKU-1203,V-12,Jaipur,Dresses,X-Large,Navy Blue,,2,2026-09-21
C-01863,return,"delivery bhot der se hui, ab zaroorat nahi",ORD-4057328,SKU-0915,V-09,Jaipur,Kurtas,X-Large,Black,Other,,2026-09-26
C-01999,return,"rang halka hai, website pe dark tha return kar diya",ORD-4780790,SKU-1107,V-11,Tiruppur,Kurtas,L,mustrd,Other,,2026-09-13
C-01970,review,stitching is poor and thread coming out paisa waste,ORD-4941370,SKU-1118,V-11,Tiruppur,Kurtas,S,nevy,,2,2026-09-21
C-01401,return,"baju chhoti hai, kalai tak nahi aati",ORD-4574735,SKU-2015,V-20,Jaipur,Leggings,S,Navy Blue,Other,,2026-08-27
C-00027,review,"bust pe bahut tight, return kar diya paisa waste",ORD-4593250,SKU-0706,V-07,Tiruppur,Kurtis,40,black,,3,2026-09-22
C-01675,return,"fitting sahi nahi, ek size bada lena padega",ORD-4366593,SKU-2314,V-23,Tiruppur,Palazzo,M,mustard,Other,,2026-09-19
C-01147,return,"delivery bohot der se hui, ab zaroorat nahi paisa waste",ORD-4761565,SKU-0815,V-08,Jaipur,Kids tees,Age 6,Black,Other,,2026-09-12
C-01660,review,"size chhota hai, S bhi tight lag raha paisa waste",ORD-4996879,SKU-2317,V-23,Tiruppur,Palazzo,S,Maroon ,,1,2026-09-13
C-01608,return,"gift ke liye liya tha, zaroorat nahi rahi 👎",ORD-4326506,SKU-2204,V-22,Jaipur,Palazzo,36,Navy Blue,Other,,2026-09-20
C-01566,return,"kamar pe loose hai, baaki theek paisa waste",ORD-4460525,SKU-2213,V-22,Jaipur,Palazzo,38,blk,Other,,2026-08-24
C-01690,return,"length zyada hai, katwana padega refund chahiye",ORD-4221736,SKU-2304,V-23,Tiruppur,Palazzo,XL,MRN,Other,,2026-09-17
C-00384,return,bacche ko bhot dheela hai plz jaldi refund karo,ORD-4130689,SKU-0201,V-02,Jaipur,Kurtis,Medium,peach,Other,,2026-09-01
C-01476,return,"gift ke liye liya tha, zaroorat nahi rahi",ORD-4169511,SKU-2013,V-20,Jaipur,Leggings,S,maroon,Other,,2026-09-07
C-01680,return,ghutne se upar aa raha hai yaar,ORD-4539573,SKU-2320,V-23,Tiruppur,Palazzo,XL,blk,Other,,2026-09-14
C-00286,review,"rang halka hai, website pe dark tha yaar",ORD-4119424,SKU-0102,V-01,Tiruppur,Kurtis,S,maroon,,2,2026-10-02
C-01682,return,"chest pe fit nahi aa raha, chhota hai plz jaldi refund karo",ORD-4052616,SKU-2318,V-23,Tiruppur,Palazzo,S,Maroon ,Other,,2026-09-28
C-00205,return,"कपड़ा बहुत पतला है, घटिया क्वालिटी return kar diya",ORD-4030459,SKU-0711,V-07,Tiruppur,Kurtis,40,black,Other,,2026-08-25
C-01572,return,"size chota hai, XL bhi tight lag raha 👎",ORD-4228427,SKU-2213,V-22,Jaipur,Palazzo,42,Maroon ,Other,,2026-08-24
C-00220,review,"chest pe fit nahi aa raha, chhota hai return kar diya",ORD-4546659,SKU-0106,V-01,Tiruppur,Kurtis,M,Black,,3,2026-08-31
C-01877,return,stitching is poor and thread coming out plz jaldi refund karo,ORD-4672492,SKU-0904,V-09,Jaipur,Kurtas,Medium,Navy Blue,Other,,2026-09-07
C-01468,return,"pic me maroon tha, ye to laal hai",ORD-4915294,SKU-2020,V-20,Jaipur,Leggings,S,mustrd,Other,,2026-09-01
C-00116,return,"too tight on the chest, had to return yaar",ORD-4919105,SKU-0718,V-07,Tiruppur,Kurtis,38,Navy Blue,Other,,2026-09-19
C-00603,return,kapda patla hai aur dheela bhi hai 👎,ORD-4372371,SKU-0504,V-05,Tiruppur,Dresses,XL,red,Other,,2026-09-01
C-00644,return,"too loose, looks like a sack",ORD-4641959,SKU-0509,V-05,Tiruppur,Dresses,M,maroon,Other,,2026-10-01
C-00546,return,"SHORT HAI, FUNCTION ME NAHI PEHEN SAKTI 👎",ORD-4103283,SKU-1201,V-12,Jaipur,Dresses,Medium,black,Other,,2026-08-24
C-00098,review,"chest pe fit nahi aa raha, chhota hai return kar diya",ORD-4776734,SKU-0704,V-07,Tiruppur,Kurtis,42,mustard,,2,2026-09-14
C-00827,return,"rang halka hai, website pe dark tha yaar",ORD-4729891,SKU-0607,V-06,Jaipur,Dresses,40,Maroon ,Other,,2026-09-02
C-01537,review,"fitting sahi nahi, ek size bada lena padega yaar",ORD-4006578,SKU-2211,V-22,Jaipur,Palazzo,42,mehroon,,2,2026-10-04
C-01470,return,dusra pasand aa gaya isliye wapas,ORD-4376875,SKU-2010,V-20,Jaipur,Leggings,M,red,Other,,2026-09-24
C-00542,return,"LENGTH BAHUT KAM HAI, PHOTO ME LAMBA DIKH RAHA THA",ORD-4190749,SKU-1210,V-12,Jaipur,Dresses,X-Large,red,Other,,2026-10-03
C-00536,return,LENGTH IS TOO SHORT FOR ME 👎,ORD-4528930,SKU-1219,V-12,Jaipur,Dresses,X-Large,nevy,Other,,2026-09-30
C-01903,return,"chest pe fit nahi aa raha, chhota hai refund chahiye",ORD-4039207,SKU-1103,V-11,Tiruppur,Kurtas,S,Black,Other,,2026-09-15
C-01956,review,DHONE PE RANG NIKAL GAYA AUR SIKUD GAYA,ORD-4539662,SKU-1115,V-11,Tiruppur,Kurtas,L,mehroon,,3,2026-09-06
C-01860,review,theek nahi laga yaar,ORD-4922767,SKU-0919,V-09,Jaipur,Kurtas,Small,mustard,,3,2026-09-30
C-01921,return,bacche ko bohot dhila hai return kar diya,ORD-4324466,SKU-1119,V-11,Tiruppur,Kurtas,L,peach,Other,,2026-08-31
C-00219,return,"baju lambi hai, mod ke pehenna padta",ORD-4768375,SKU-0114,V-01,Tiruppur,Kurtis,XL,navy,Other,,2026-09-14
C-01814,review,baju bohot tite hai yaar,ORD-4702309,SKU-0914,V-09,Jaipur,Kurtas,X-Large,red,,1,2026-09-11
C-00851,return,"kamar pe loose hai, baaki theek paisa waste",ORD-4225600,SKU-0302,V-03,Tiruppur,Kids tees,2-3 yrs,peach,Other,,2026-08-24
C-01076,review,"baju chhoti hai, kalai tak nahi aati",ORD-4762358,SKU-0808,V-08,Jaipur,Kids tees,Age 2,Navy Blue,,2,2026-09-10
C-00825,return,stitching is poor and thread coming out yaar,ORD-4289741,SKU-0616,V-06,Jaipur,Dresses,40,pink,Other,,2026-08-24
C-01944,return,color is different from the picture paisa waste,ORD-4331826,SKU-1117,V-11,Tiruppur,Kurtas,L,Maroon ,Other,,2026-09-24
C-00791,return,"rang halka hai, website pe dark tha plz jaldi refund karo",ORD-4310968,SKU-0616,V-06,Jaipur,Dresses,36,MRN,Other,,2026-09-26
C-01824,return,KALAR ALAG HAI PHOTO SE 👎,ORD-4759493,SKU-0904,V-09,Jaipur,Kurtas,X-Large,peach,Other,,2026-09-30
C-01346,return,"FABRIC CHEAP LAGTA HAI, PHOTO JAISA NAHI",ORD-4471873,SKU-1901,V-19,Tiruppur,Leggings,Small,mustrd,Other,,2026-09-20
C-00842,return,cut sahi nahi baithta body pe,ORD-4919133,SKU-0312,V-03,Tiruppur,Kids tees,2-3 yrs,Navy Blue,Other,,2026-09-17
C-00254,return,"chest pe fit nahi aa raha, chhota hai",ORD-4473442,SKU-0102,V-01,Tiruppur,Kurtis,XL,maroon,Other,,2026-10-04
C-02016,review,stitching is poor and thread coming out plz jaldi refund karo,ORD-4698114,SKU-1809,V-18,Tiruppur,Leggings,S,maroon,,1,2026-09-17
C-01460,return,color is different from the picture,ORD-4605588,SKU-2015,V-20,Jaipur,Leggings,L,mustrd,Other,,2026-09-13
C-01991,return,COLOR IS DIFFERENT FROM THE PICTURE 👎,ORD-4137114,SKU-1117,V-11,Tiruppur,Kurtas,XL,mustard,Other,,2026-09-15
C-00592,return,"galat product aaya, maine ye nahi mangwaya plz jaldi refund karo",ORD-4693733,SKU-1206,V-12,Jaipur,Dresses,X-Large,peach,Other,,2026-09-04
C-01376,review,packet khula hua aaya tha 👎,ORD-4960069,SKU-1910,V-19,Tiruppur,Leggings,Large,Maroon ,,2,2026-09-20
C-01667,review,"shoulder se utar raha hai, bada hai 👎",ORD-4007760,SKU-2310,V-23,Tiruppur,Palazzo,XL,maroon,,2,2026-09-19
C-00679,return,??,ORD-4666476,SKU-0511,V-05,Tiruppur,Dresses,S,red,Other,,2026-09-18
C-01871,return,packet khula hua aaya tha yaar,ORD-4141400,SKU-0912,V-09,Jaipur,Kurtas,Small,red,Other,,2026-09-28
C-00534,review,"shoulder se tight hai, haath nahi uthta refund chahiye",ORD-4941398,SKU-1206,V-12,Jaipur,Dresses,X-Large,Black,,1,2026-10-02
C-01657,return,"bust pe bohot tight, return kar diya 👎",ORD-4653361,SKU-2316,V-23,Tiruppur,Palazzo,S,Navy Blue,Other,,2026-09-04
C-00097,review,"too tight on the chest, had to return refund chahiye",ORD-4666930,SKU-0709,V-07,Tiruppur,Kurtis,40,mehroon,,1,2026-08-28
C-01539,return,"SHOULDER SE UTAR RAHA HAI, BADA HAI paisa waste",ORD-4141552,SKU-2205,V-22,Jaipur,Palazzo,42,mehroon,Other,,2026-10-04
C-00615,review,ghutne se upar aa raha hai refund chahiye,ORD-4023980,SKU-0508,V-05,Tiruppur,Dresses,L,maroon,,1,2026-09-18
C-01997,return,PASAND NAHI AAYA MUJHE,ORD-4486218,SKU-1108,V-11,Tiruppur,Kurtas,S,nevy,Other,,2026-10-03
C-01466,review,kalar alag hai photo se refund chahiye,ORD-4075662,SKU-2011,V-20,Jaipur,Leggings,M,red,,2,2026-09-30
C-01422,return,"chest pe fit nahi aa raha, chhota hai",ORD-4555910,SKU-2005,V-20,Jaipur,Leggings,M,pink,Other,,2026-08-31
C-00517,review,length is too short for me refund chahiye,ORD-4022548,SKU-1210,V-12,Jaipur,Dresses,Large,peach,,2,2026-09-17
C-01981,return,COLOR IS DIFFERENT FROM THE PICTURE 👎,ORD-4567792,SKU-1117,V-11,Tiruppur,Kurtas,XL,red,Other,,2026-09-07
C-00003,return,"shoulder se tite hai, haath nahi uthta 👎",ORD-4250943,SKU-0716,V-07,Tiruppur,Kurtis,36,pink,Other,,2026-10-01
C-00354,return,"shoulder se tight hai, haath nahi uthta",ORD-4470555,SKU-0208,V-02,Jaipur,Kurtis,Medium,nevy,Other,,2026-09-27
C-01794,review,"too tite on the chest, had to return refund chahiye",ORD-4311508,SKU-0918,V-09,Jaipur,Kurtas,Large,blk,,3,2026-09-26
C-01253,return,"kapda patla hai, ek dhulai me kharab ho gaya",ORD-4230612,SKU-1814,V-18,Tiruppur,Leggings,XL,blk,Other,,2026-10-02
C-01805,return,"bust pe bohot tight, return kar diya",ORD-4061792,SKU-0901,V-09,Jaipur,Kurtas,Large,Black,Other,,2026-09-01
C-01749,return,"fabric cheap lagta hai, photo jaisa nahi 👎",ORD-4167638,SKU-2312,V-23,Tiruppur,Palazzo,S,mustrd,Other,,2026-09-13
C-00083,return,"bust pe bohot tight, return kar diya",ORD-4910683,SKU-0716,V-07,Tiruppur,Kurtis,36,Maroon ,Other,,2026-09-23
C-01725,return,silai khul gayi pehle hi din return kar diya,ORD-4023409,SKU-2311,V-23,Tiruppur,Palazzo,S,mustrd,Other,,2026-08-29
C-01367,return,"delivery bahut der se hui, ab zaroorat nahi 👎",ORD-4419972,SKU-1906,V-19,Tiruppur,Leggings,X-Large,peach,Other,,2026-09-17
C-00053,return,cut sahi nahi baithta body pe paisa waste,ORD-4944422,SKU-0716,V-07,Tiruppur,Kurtis,38,red,Other,,2026-08-27
C-01278,return,"too loose, looks like a sack plz jaldi refund karo",ORD-4922170,SKU-1916,V-19,Tiruppur,Leggings,Large,pink,Other,,2026-09-21
C-01403,review,"bohot dhila hai, hang ho raha",ORD-4433822,SKU-2019,V-20,Jaipur,Leggings,L,peach,,1,2026-09-03
C-01906,return,bacche ko bhot dheela hai,ORD-4505818,SKU-1114,V-11,Tiruppur,Kurtas,XL,nevy,Other,,2026-09-14
C-01283,return,"bohot dheela hai, hang ho raha 👎",ORD-4167468,SKU-1904,V-19,Tiruppur,Leggings,X-Large,red,Other,,2026-10-03
C-00958,return,"fitting ajeeb hai, shape theek nahi yaar",ORD-4478540,SKU-0404,V-04,Tiruppur,Kids tees,8Y,Maroon ,Other,,2026-09-22
C-01233,return,SILAI KHUL GAYI PEHLE HI DIN refund chahiye,ORD-4039489,SKU-1801,V-18,Tiruppur,Leggings,M,laal,Other,,2026-09-09
C-00095,return,"too tight on the chest, had to return",ORD-4963573,SKU-0716,V-07,Tiruppur,Kurtis,36,Maroon ,Other,,2026-09-08
C-01489,review,color is different from the picture yaar,ORD-4984599,SKU-2004,V-20,Jaipur,Leggings,L,Navy Blue,,1,2026-09-17
C-00760,review,"length bahut kam hai, photo me lamba dikh raha tha plz jaldi refund karo",ORD-4249816,SKU-0604,V-06,Jaipur,Dresses,42,Maroon ,,1,2026-09-14
C-01354,return,"kapda patla hai, ek dhulai me kharab ho gaya paisa waste",ORD-4462705,SKU-1916,V-19,Tiruppur,Leggings,Medium,Maroon ,Other,,2026-09-18
C-00935,review,"kamar pe tite hai, saans nahi aati plz jaldi refund karo",ORD-4754937,SKU-0409,V-04,Tiruppur,Kids tees,2Y,mustard,,1,2026-09-27
C-00746,return,"shoulder se tite hai, haath nahi uthta paisa waste",ORD-4717827,SKU-0605,V-06,Jaipur,Dresses,40,Navy Blue,Other,,2026-08-28
C-00373,return,"size chotta hai, S bhi tight lag raha paisa waste",ORD-4210858,SKU-0204,V-02,Jaipur,Kurtis,Small,black,Other,,2026-09-19
C-01928,return,"chest pe fit nahi aa raha, chhota hai return kar diya",ORD-4089841,SKU-1119,V-11,Tiruppur,Kurtas,L,peach,Other,,2026-09-14
C-00886,return,"bhot dhila hai, hang ho raha yaar",ORD-4016567,SKU-0316,V-03,Tiruppur,Kids tees,2-3 yrs,peach,Other,,2026-09-06
C-01085,return,"baju chhoti hai, kalai tak nahi aati plz jaldi refund karo",ORD-4278801,SKU-0805,V-08,Jaipur,Kids tees,Age 8,blk,Other,,2026-08-26
C-01546,return,"shoulder se tight hai, haath nahi uthta paisa waste",ORD-4444476,SKU-2218,V-22,Jaipur,Palazzo,40,mustard,Other,,2026-09-07
C-00029,return,"too tite on the chest, had to return paisa waste",ORD-4391759,SKU-0719,V-07,Tiruppur,Kurtis,38,mustrd,Other,,2026-09-26
C-02004,return,"pic me maroon tha, ye to laal hai",ORD-4401003,SKU-0601,V-06,Jaipur,Dresses,42,laal,Other,,2026-10-02
C-01152,return,"galat product aaya, maine ye nahi mangwaya yaar",ORD-4549607,SKU-0807,V-08,Jaipur,Kids tees,Age 8,mustard,Other,,2026-09-12
C-01670,return,"short hai, function me nahi pehen sakti 👎",ORD-4162089,SKU-2315,V-23,Tiruppur,Palazzo,L,mehroon,Other,,2026-09-09
C-00893,return,"बहुत ढीला है, बड़ा साइज़ आ गया 👎",ORD-4608627,SKU-0317,V-03,Tiruppur,Kids tees,2-3 yrs,Black,Other,,2026-09-29
C-00330,return,galti se order ho gaya tha return kar diya,ORD-4174048,SKU-0112,V-01,Tiruppur,Kurtis,S,red,Other,,2026-08-30
C-01487,return,"arrived after the wedding, no use now yaar",ORD-4392122,SKU-2008,V-20,Jaipur,Leggings,XL,Maroon ,Other,,2026-09-20
C-01914,return,"shoulder se utar raha hai, bada hai plz jaldi refund karo",ORD-4562225,SKU-1114,V-11,Tiruppur,Kurtas,L,Black,Other,,2026-08-30
C-00646,review,"short hai, function me nahi pehen sakti",ORD-4166610,SKU-0513,V-05,Tiruppur,Dresses,S,mustrd,,3,2026-09-11
C-00625,return,"SHOULDER SE TIGHT HAI, HAATH NAHI UTHTA",ORD-4096776,SKU-0518,V-05,Tiruppur,Dresses,XL,Navy Blue,Other,,2026-10-04
C-01506,review,"कपड़ा बहुत पतला है, घटिया क्वालिटी plz jaldi refund karo",ORD-4880680,SKU-2011,V-20,Jaipur,Leggings,M,blk,,1,2026-09-07
C-01562,review,"bahut dhila hai, hang ho raha refund chahiye",ORD-4988630,SKU-2201,V-22,Jaipur,Palazzo,42,MRN,,1,2026-10-01
C-00246,return,BACCHE KO BOHOT DHEELA HAI,ORD-4631647,SKU-0114,V-01,Tiruppur,Kurtis,S,peach,Other,,2026-09-22
C-01663,return,"baju chhoti hai, kalai tak nahi aati",ORD-4357151,SKU-2303,V-23,Tiruppur,Palazzo,M,laal,Other,,2026-08-26
C-00766,return,"BAJU CHHOTI HAI, KALAI TAK NAHI AATI return kar diya",ORD-4666576,SKU-0606,V-06,Jaipur,Dresses,38,laal,Other,,2026-09-21
C-00656,return,"length zyada hai, katwana padega plz jaldi refund karo",ORD-4974509,SKU-0508,V-05,Tiruppur,Dresses,M,pink,Other,,2026-09-07
C-01865,return,"gift ke liye liya tha, zaroorat nahi rahi return kar diya",ORD-4176691,SKU-0905,V-09,Jaipur,Kurtas,X-Large,peach,Other,,2026-08-28
C-00689,return,"कपड़ा बहुत पतला है, घटिया क्वालिटी plz jaldi refund karo",ORD-4644134,SKU-0501,V-05,Tiruppur,Dresses,M,laal,Other,,2026-09-16
C-00652,return,"kamar pe loose hai, baaki theek 👎",ORD-4242747,SKU-0508,V-05,Tiruppur,Dresses,S,mehroon,Other,,2026-09-07
C-01093,return,"kamar pe tight hai, saans nahi aati yaar",ORD-4928555,SKU-0801,V-08,Jaipur,Kids tees,Age 8,Maroon ,Other,,2026-09-16
C-00125,review,"too tite on the chest, had to return",ORD-4370373,SKU-0712,V-07,Tiruppur,Kurtis,42,black,,1,2026-09-07
C-00312,return,.,ORD-4714011,SKU-0104,V-01,Tiruppur,Kurtis,S,Maroon ,Other,,2026-08-24
C-01077,return,BAJU BHOT TIGHT HAI,ORD-4727661,SKU-0812,V-08,Jaipur,Kids tees,Age 8,Maroon ,Other,,2026-09-28
C-00847,review,"length zyada hai, katwana padega refund chahiye",ORD-4218838,SKU-0320,V-03,Tiruppur,Kids tees,2-3 yrs,Black,,1,2026-10-03
C-01684,return,cut sahi nahi baithta body pe,ORD-4140522,SKU-2318,V-23,Tiruppur,Palazzo,XL,Navy Blue,Other,,2026-09-02
C-01773,return,"too loose, looks like a sack",ORD-4765250,SKU-0917,V-09,Jaipur,Kurtas,X-Large,mehroon,Other,,2026-09-28
C-01196,review,ghutne se upar aa raha hai,ORD-4360303,SKU-1801,V-18,Tiruppur,Leggings,S,Maroon ,,3,2026-10-04
C-00716,return,"delivery bohot der se hui, ab zaroorat nahi yaar",ORD-4790827,SKU-0503,V-05,Tiruppur,Dresses,S,Black,Other,,2026-10-04
C-01404,return,"kamar pe tight hai, saans nahi aati 👎",ORD-4472699,SKU-2019,V-20,Jaipur,Leggings,M,MRN,Other,,2026-09-14
C-00793,return,jaisa socha tha waisa nahi nikla return kar diya,ORD-4617366,SKU-0606,V-06,Jaipur,Dresses,40,Black,Other,,2026-09-07
C-01665,return,"बहुत ढीला है, बड़ा साइज़ आ गया",ORD-4947251,SKU-2301,V-23,Tiruppur,Palazzo,XL,Black,Other,,2026-09-25
C-00140,review,"bust pe bahut tight, return kar diya return kar diya",ORD-4827856,SKU-0706,V-07,Tiruppur,Kurtis,40,Navy Blue,,1,2026-08-26
C-00693,review,DHONE PE RANG NIKAL GAYA AUR SIKUD GAYA plz jaldi refund karo,ORD-4415428,SKU-0520,V-05,Tiruppur,Dresses,S,Navy Blue,,2,2026-10-02
C-01055,review,color is different from the picture yaar,ORD-4494953,SKU-0420,V-04,Tiruppur,Kids tees,6Y,nevy,,2,2026-08-25
C-01547,return,"chest pe fit nahi aa raha, chhota hai plz jaldi refund karo",ORD-4880283,SKU-2202,V-22,Jaipur,Palazzo,36,Maroon ,Other,,2026-10-03
C-00487,review,"BAJU CHHOTI HAI, KALAI TAK NAHI AATI return kar diya",ORD-4937318,SKU-1216,V-12,Jaipur,Dresses,Large,pink,,3,2026-08-28
C-01787,return,bacche ko bohot dheela hai,ORD-4016057,SKU-0905,V-09,Jaipur,Kurtas,X-Large,navy,Other,,2026-09-06
C-01049,review,packet khula hua aaya tha 👎,ORD-4790904,SKU-0405,V-04,Tiruppur,Kids tees,8Y,maroon,,3,2026-09-26
C-01428,return,"fitting ajeeb hai, shape theek nahi",ORD-4599859,SKU-2013,V-20,Jaipur,Leggings,M,mehroon,Other,,2026-09-26
C-00111,return,"shoulder se tight hai, haath nahi uthta plz jaldi refund karo",ORD-4533551,SKU-0709,V-07,Tiruppur,Kurtis,40,blk,Other,,2026-08-31
C-00803,review,stitching is poor and thread coming out refund chahiye,ORD-4704575,SKU-0606,V-06,Jaipur,Dresses,38,nevy,,3,2026-09-08
C-00253,review,"fitting ajeeb hai, shape theek nahi paisa waste",ORD-4988976,SKU-0106,V-01,Tiruppur,Kurtis,S,Maroon ,,1,2026-09-25
C-00422,review,dhone pe rang nikal gaya aur sikud gaya paisa waste,ORD-4547775,SKU-0212,V-02,Jaipur,Kurtis,X-Large,mustrd,,1,2026-09-01
C-00872,review,"kamar pe loose hai, baaki theek plz jaldi refund karo",ORD-4204957,SKU-0301,V-03,Tiruppur,Kids tees,6-7 yrs,Navy Blue,,3,2026-09-27
C-01803,return,"length bahut kam hai, photo me lamba dikh raha tha paisa waste",ORD-4941176,SKU-0914,V-09,Jaipur,Kurtas,Large,laal,Other,,2026-09-23
C-01762,return,ghutne se upar aa raha hai paisa waste,ORD-4136954,SKU-0905,V-09,Jaipur,Kurtas,X-Large,mustrd,Other,,2026-08-31
C-00734,review,"too tite on the chest, had to return return kar diya",ORD-4819768,SKU-0619,V-06,Jaipur,Dresses,38,navy,,2,2026-09-28
C-00050,review,"kamar pe tite hai, saans nahi aati 👎",ORD-4674844,SKU-0706,V-07,Tiruppur,Kurtis,38,blk,,2,2026-09-30
C-01047,return,nahi,ORD-4173681,SKU-0413,V-04,Tiruppur,Kids tees,6Y,maroon,Other,,2026-08-30
C-00865,return,"too loose, looks like a sack yaar",ORD-4625999,SKU-0311,V-03,Tiruppur,Kids tees,4-5 yrs,peach,Other,,2026-09-08
C-00352,return,late aaya aur length bhi kam hai,ORD-4224310,SKU-0219,V-02,Jaipur,Kurtis,Small,red,Other,,2026-08-29
C-01255,return,packet khula hua aaya tha refund chahiye,ORD-4730076,SKU-1806,V-18,Tiruppur,Leggings,M,blk,Other,,2026-09-09
C-01959,review,"KAPDA PATLA HAI, EK DHULAI ME KHARAB HO GAYA plz jaldi refund karo",ORD-4919844,SKU-1107,V-11,Tiruppur,Kurtas,M,blk,,1,2026-08-28
C-00725,review,"length bahut kam hai, photo me lamba dikh raha tha paisa waste",ORD-4919832,SKU-0602,V-06,Jaipur,Dresses,38,mehroon,,1,2026-09-17
C-00482,review,length is too short for me return kar diya,ORD-4226427,SKU-1216,V-12,Jaipur,Dresses,X-Large,mustard,,1,2026-09-03
C-01731,return,jaisa socha tha waisa nahi nikla,ORD-4910264,SKU-2319,V-23,Tiruppur,Palazzo,XL,Navy Blue,Other,,2026-08-27
C-01845,return,"rang halka hai, website pe dark tha 👎",ORD-4137602,SKU-0911,V-09,Jaipur,Kurtas,Medium,MRN,Other,,2026-09-24
C-01873,return,"pic me maroon tha, ye to laal hai",ORD-4124653,SKU-0919,V-09,Jaipur,Kurtas,Medium,Navy Blue,Other,,2026-08-30
C-00167,return,"bust pe bahut tight, return kar diya",ORD-4308171,SKU-0716,V-07,Tiruppur,Kurtis,40,Navy Blue,Other,,2026-09-17
C-01215,return,"shoulder se utar raha hai, bada hai 👎",ORD-4956491,SKU-1820,V-18,Tiruppur,Leggings,L,laal,Other,,2026-09-21
C-01964,return,"tag nahi tha, used lag raha tha yaar",ORD-4556486,SKU-1113,V-11,Tiruppur,Kurtas,L,Maroon ,Other,,2026-08-28
C-00543,return,"baju chhoti hai, kalai tak nahi aati paisa waste",ORD-4773632,SKU-1216,V-12,Jaipur,Dresses,X-Large,maroon,Other,,2026-09-14
C-01883,return,"length zyada hai, katwana padega refund chahiye",ORD-4894014,SKU-1111,V-11,Tiruppur,Kurtas,S,blk,Other,,2026-08-29
C-00643,return,"baju lambi hai, mod ke pehenna padta yaar",ORD-4037344,SKU-0507,V-05,Tiruppur,Dresses,L,maroon,Other,,2026-09-19
C-00449,return,"delivery bohot der se hui, ab zaroorat nahi plz jaldi refund karo",ORD-4975633,SKU-0202,V-02,Jaipur,Kurtis,Medium,mehroon,Other,,2026-08-31
C-00905,return,"shoulder se utar raha hai, bada hai",ORD-4132690,SKU-0319,V-03,Tiruppur,Kids tees,2-3 yrs,MRN,Other,,2026-09-12
C-01112,return,"CHEST PE FIT NAHI AA RAHA, CHHOTA HAI refund chahiye",ORD-4866567,SKU-0814,V-08,Jaipur,Kids tees,Age 2,pink,Other,,2026-09-06
C-00782,return,"pic me maroon tha, ye to laal hai return kar diya",ORD-4211671,SKU-0618,V-06,Jaipur,Dresses,36,Black,Other,,2026-08-28
C-01543,review,"short hai, function me nahi pehen sakti 👎",ORD-4753166,SKU-2220,V-22,Jaipur,Palazzo,42,blk,,2,2026-09-28
C-01083,return,"KAMAR PE LOOSE HAI, BAAKI THEEK plz jaldi refund karo",ORD-4226525,SKU-0806,V-08,Jaipur,Kids tees,Age 2,black,Other,,2026-09-17
C-01778,return,"fitting sahi nahi, ek size bada lena padega plz jaldi refund karo",ORD-4391432,SKU-0912,V-09,Jaipur,Kurtas,Medium,mehroon,Other,,2026-09-14
C-01185,review,"bust pe bahut tight, return kar diya paisa waste",ORD-4763299,SKU-1801,V-18,Tiruppur,Leggings,L,peach,,1,2026-09-25
C-00318,return,silai khul gayi pehle hi din,ORD-4810326,SKU-0103,V-01,Tiruppur,Kurtis,XL,mehroon,Other,,2026-09-25
C-01719,return,packet khula hua aaya tha,ORD-4129145,SKU-2320,V-23,Tiruppur,Palazzo,XL,navy,Other,,2026-08-30
C-00663,review,"KAPDA PATLA HAI, EK DHULAI ME KHARAB HO GAYA return kar diya",ORD-4226549,SKU-0508,V-05,Tiruppur,Dresses,S,maroon,,3,2026-09-16
C-00082,return,"kamar pe tight hai, saans nahi aati",ORD-4975612,SKU-0709,V-07,Tiruppur,Kurtis,38,nevy,Other,,2026-10-02
C-00375,review,"chest pe fit nahi aa raha, chhota hai paisa waste",ORD-4347524,SKU-0220,V-02,Jaipur,Kurtis,X-Large,maroon,,1,2026-09-12
C-00061,return,"bust pe bahut tight, return kar diya 👎",ORD-4256940,SKU-0707,V-07,Tiruppur,Kurtis,38,peach,Other,,2026-09-19
C-00943,review,baju bahut tight hai plz jaldi refund karo,ORD-4847072,SKU-0411,V-04,Tiruppur,Kids tees,4Y,mustard,,1,2026-09-01
C-00432,return,pasand nahi aaya mujhe 👎,ORD-4531367,SKU-0212,V-02,Jaipur,Kurtis,Large,nevy,Other,,2026-08-30
C-01217,return,"length zyada hai, katwana padega 👎",ORD-4907279,SKU-1815,V-18,Tiruppur,Leggings,XL,nevy,Other,,2026-09-17
C-01735,return,dhone pe rang nikal gaya aur sikud gaya,ORD-4142164,SKU-2302,V-23,Tiruppur,Palazzo,S,Black,Other,,2026-10-03
C-00927,return,jaisa socha tha waisa nahi nikla,ORD-4804249,SKU-0318,V-03,Tiruppur,Kids tees,6-7 yrs,navy,Other,,2026-08-26
C-02021,review,"fabric cheap lagta hai, photo jaisa nahi 👎",ORD-4147884,SKU-1209,V-12,Jaipur,Dresses,Large,mehroon,,1,2026-08-27
C-00586,return,stitching is poor and thread coming out yaar,ORD-4462154,SKU-1205,V-12,Jaipur,Dresses,Medium,pink,Other,,2026-08-31
C-01971,review,silai khul gayi pehle hi din,ORD-4759969,SKU-1109,V-11,Tiruppur,Kurtas,S,mustard,,1,2026-09-18
C-01082,return,"shoulder se utar raha hai, bada hai",ORD-4403511,SKU-0816,V-08,Jaipur,Kids tees,Age 4,navy,Other,,2026-08-27
C-01434,return,"fitting sahi nahi, ek size bada lena padega yaar",ORD-4806358,SKU-2011,V-20,Jaipur,Leggings,S,navy,Other,,2026-09-13
C-01248,review,"pic me maroon tha, ye to laal hai",ORD-4643281,SKU-1803,V-18,Tiruppur,Leggings,S,blk,,2,2026-09-01
C-01499,return,dusra pasand aa gaya isliye wapas plz jaldi refund karo,ORD-4641479,SKU-2016,V-20,Jaipur,Leggings,XL,pink,Other,,2026-10-01
C-00777,return,cut sahi nahi baithta body pe plz jaldi refund karo,ORD-4105874,SKU-0601,V-06,Jaipur,Dresses,42,blk,Other,,2026-08-26
C-01793,review,"kamar pe loose hai, baaki theek 👎",ORD-4012363,SKU-0912,V-09,Jaipur,Kurtas,Small,mustard,,3,2026-09-10
C-02017,return,"kamar pe tight hai, saans nahi aati",ORD-4544774,SKU-0716,V-07,Tiruppur,Kurtis,42,maroon,Other,,2026-09-29
C-00185,review,"delivery bahut der se hui, ab zaroorat nahi",ORD-4042516,SKU-0701,V-07,Tiruppur,Kurtis,38,Maroon ,,2,2026-09-04
C-00514,return,"length bohot kam hai, photo me lamba dikh raha tha plz jaldi refund karo",ORD-4681674,SKU-1210,V-12,Jaipur,Dresses,Small,Navy Blue,Other,,2026-09-27
C-00726,review,"fitting ajeeb hai, shape theek nahi refund chahiye",ORD-4543202,SKU-0614,V-06,Jaipur,Dresses,40,mustrd,,2,2026-08-29
C-00267,return,"kamar pe loose hai, baaki theek",ORD-4393128,SKU-0110,V-01,Tiruppur,Kurtis,S,mustard,Other,,2026-09-18
C-02005,return,dhone pe rang nikal gaya aur sikud gaya plz jaldi refund karo,ORD-4861413,SKU-0518,V-05,Tiruppur,Dresses,S,mustard,Other,,2026-10-03
C-00181,review,"late aaya, function nikal gaya",ORD-4443289,SKU-0710,V-07,Tiruppur,Kurtis,42,Maroon ,,1,2026-09-07
C-01202,return,"बहुत ढीला है, बड़ा साइज़ आ गया plz jaldi refund karo",ORD-4928686,SKU-1812,V-18,Tiruppur,Leggings,XL,mustrd,Other,,2026-08-24
C-00182,return,COLOR IS DIFFERENT FROM THE PICTURE yaar,ORD-4197963,SKU-0715,V-07,Tiruppur,Kurtis,38,Navy Blue,Other,,2026-09-06
C-00165,review,baju bohot tite hai,ORD-4333329,SKU-0705,V-07,Tiruppur,Kurtis,40,red,,1,2026-10-04
C-00897,return,"too loose, looks like a sack refund chahiye",ORD-4391789,SKU-0305,V-03,Tiruppur,Kids tees,2-3 yrs,nevy,Other,,2026-09-18
C-01862,review,ok,ORD-4632108,SKU-0919,V-09,Jaipur,Kurtas,Medium,maroon,,2,2026-08-31
C-01396,return,"LENGTH ZYADA HAI, KATWANA PADEGA 👎",ORD-4351581,SKU-2004,V-20,Jaipur,Leggings,M,navy,Other,,2026-10-04
C-01190,review,KAPDA PATLA HAI AUR DHEELA BHI HAI,ORD-4920817,SKU-1811,V-18,Tiruppur,Leggings,S,mustard,,2,2026-08-29
C-01113,review,"shoulder se utar raha hai, bada hai plz jaldi refund karo",ORD-4546072,SKU-0813,V-08,Jaipur,Kids tees,Age 2,mustrd,,1,2026-09-26
C-00496,return,"baju chhoti hai, kalai tak nahi aati yaar",ORD-4405837,SKU-1210,V-12,Jaipur,Dresses,Medium,peach,Other,,2026-09-30
C-00792,return,"rang halka hai, website pe dark tha refund chahiye",ORD-4158730,SKU-0616,V-06,Jaipur,Dresses,36,navy,Other,,2026-09-09
C-00464,return,"TOO TITE ON THE CHEST, HAD TO RETURN 👎",ORD-4772011,SKU-1209,V-12,Jaipur,Dresses,Medium,pink,Other,,2026-09-11
C-00089,review,"bust pe bahut tight, return kar diya plz jaldi refund karo",ORD-4299160,SKU-0710,V-07,Tiruppur,Kurtis,42,mustard,,2,2026-09-19
C-00880,return,"bhot dheela hai, hang ho raha plz jaldi refund karo",ORD-4824039,SKU-0312,V-03,Tiruppur,Kids tees,4-5 yrs,MRN,Other,,2026-09-29
C-00118,review,"shoulder se tight hai, haath nahi uthta paisa waste",ORD-4191013,SKU-0701,V-07,Tiruppur,Kurtis,38,nevy,,2,2026-09-03
C-01912,return,"बहुत ढीला है, बड़ा साइज़ आ गया refund chahiye",ORD-4415143,SKU-1111,V-11,Tiruppur,Kurtas,M,mustrd,Other,,2026-09-29
C-01170,return,"rang halka hai, website pe dark tha refund chahiye",ORD-4563850,SKU-0806,V-08,Jaipur,Kids tees,Age 2,mustrd,Other,,2026-08-24
C-01016,review,"pic me maroon tha, ye to laal hai 👎",ORD-4195418,SKU-0404,V-04,Tiruppur,Kids tees,4Y,Navy Blue,,1,2026-09-04
C-01103,return,"fitting sahi nahi, ek size bada lena padega",ORD-4587384,SKU-0813,V-08,Jaipur,Kids tees,Age 4,MRN,Other,,2026-10-01
C-01069,return,"bohot lamba hai, zameen pe lag raha",ORD-4569866,SKU-0819,V-08,Jaipur,Kids tees,Age 4,MRN,Other,,2026-09-12
C-00610,review,"bust pe bohot tite, return kar diya",ORD-4201880,SKU-0520,V-05,Tiruppur,Dresses,L,pink,,3,2026-08-29
C-00774,review,"LENGTH BHOT KAM HAI, PHOTO ME LAMBA DIKH RAHA THA",ORD-4782701,SKU-0619,V-06,Jaipur,Dresses,42,navy,,1,2026-08-24
C-01695,review,"bust pe bhot tite, return kar diya return kar diya",ORD-4898037,SKU-2312,V-23,Tiruppur,Palazzo,L,nevy,,2,2026-09-15
C-01849,review,dhone pe rang nikal gaya aur sikud gaya,ORD-4421677,SKU-0916,V-09,Jaipur,Kurtas,Small,mustrd,,1,2026-09-09
C-01480,return,"delivery bahut der se hui, ab zaroorat nahi refund chahiye",ORD-4182188,SKU-2010,V-20,Jaipur,Leggings,L,pink,Other,,2026-09-28
C-00608,review,length is too short for me plz jaldi refund karo,ORD-4570771,SKU-0506,V-05,Tiruppur,Dresses,XL,navy,,2,2026-09-14
C-00314,return,"rang halka hai, website pe dark tha",ORD-4830623,SKU-0102,V-01,Tiruppur,Kurtis,XL,mustard,Other,,2026-09-28
C-00966,return,"SIZE CHHOTA HAI, 8Y BHI TIGHT LAG RAHA 👎",ORD-4517302,SKU-0403,V-04,Tiruppur,Kids tees,8Y,navy,Other,,2026-08-27
C-00342,return,"size bada nikla, ek size chhota mangwana pada return kar diya",ORD-4631426,SKU-0201,V-02,Jaipur,Kurtis,Small,maroon,Other,,2026-09-05
C-01491,return,"ARRIVED AFTER THE WEDDING, NO USE NOW yaar",ORD-4199986,SKU-2012,V-20,Jaipur,Leggings,XL,Navy Blue,Other,,2026-09-06
C-00894,review,"shoulder se utar raha hai, bada hai yaar",ORD-4366801,SKU-0302,V-03,Tiruppur,Kids tees,2-3 yrs,peach,,1,2026-09-30
C-01024,return,dusra pasand aa gaya isliye wapas refund chahiye,ORD-4250799,SKU-0418,V-04,Tiruppur,Kids tees,2Y,blk,Other,,2026-08-26
C-00823,review,stitching is poor and thread coming out plz jaldi refund karo,ORD-4494982,SKU-0609,V-06,Jaipur,Dresses,40,black,,1,2026-08-30
C-01296,return,"length zyada hai, katwana padega return kar diya",ORD-4476049,SKU-1910,V-19,Tiruppur,Leggings,Large,Black,Other,,2026-08-26
C-00621,return,"CHEST PE FIT NAHI AA RAHA, CHHOTA HAI",ORD-4662123,SKU-0517,V-05,Tiruppur,Dresses,S,blk,Other,,2026-09-10
C-00084,return,ghutne se upar aa raha hai plz jaldi refund karo,ORD-4588636,SKU-0719,V-07,Tiruppur,Kurtis,42,mustard,Other,,2026-09-22
C-01880,review,length is too short for me,ORD-4382461,SKU-1105,V-11,Tiruppur,Kurtas,L,red,,3,2026-09-22
C-01161,return,"tag nahi tha, used lag raha tha",ORD-4571565,SKU-0813,V-08,Jaipur,Kids tees,Age 6,blk,Other,,2026-09-06
C-01993,review,"galat product aaya, maine ye nahi mangwaya yaar",ORD-4696180,SKU-1102,V-11,Tiruppur,Kurtas,L,mehroon,,1,2026-09-05
C-01757,review,"gift ke liye liya tha, zaroorat nahi rahi",ORD-4242771,SKU-2301,V-23,Tiruppur,Palazzo,XL,mehroon,,1,2026-09-30
C-00017,return,"साइज़ छोटा है, बहुत टाइट है paisa waste",ORD-4877661,SKU-0701,V-07,Tiruppur,Kurtis,42,pink,Other,,2026-08-28
C-00999,return,"chest pe fit nahi aa raha, chhota hai",ORD-4011025,SKU-0420,V-04,Tiruppur,Kids tees,4Y,blk,Other,,2026-09-25
C-00742,return,"too tight on the chest, had to return paisa waste",ORD-4399287,SKU-0601,V-06,Jaipur,Dresses,38,black,Other,,2026-09-03
C-00910,return,color is different from the picture return kar diya,ORD-4580685,SKU-0311,V-03,Tiruppur,Kids tees,2-3 yrs,blk,Other,,2026-09-19
C-01779,review,"size chotta hai, L bhi tite lag raha",ORD-4440378,SKU-0917,V-09,Jaipur,Kurtas,Large,maroon,,2,2026-09-18
C-01264,return,silai khul gayi pehle hi din paisa waste,ORD-4907351,SKU-1811,V-18,Tiruppur,Leggings,L,red,Other,,2026-09-23
C-01583,return,"late aaya, function nikal gaya refund chahiye",ORD-4248125,SKU-2215,V-22,Jaipur,Palazzo,38,nevy,Other,,2026-09-27
C-01649,return,"बहुत ढीला है, बड़ा साइज़ आ गया plz jaldi refund karo",ORD-4598000,SKU-2315,V-23,Tiruppur,Palazzo,XL,MRN,Other,,2026-09-25
C-00695,review,"kapda patla hai, ek dhulai me kharab ho gaya",ORD-4229405,SKU-0514,V-05,Tiruppur,Dresses,XL,Navy Blue,,2,2026-09-17
C-01282,return,"bahut dheela hai, hang ho raha 👎",ORD-4860514,SKU-1901,V-19,Tiruppur,Leggings,Small,nevy,Other,,2026-09-08
C-00864,review,"SHOULDER SE UTAR RAHA HAI, BADA HAI",ORD-4328745,SKU-0314,V-03,Tiruppur,Kids tees,4-5 yrs,mehroon,,2,2026-09-22
C-01352,return,theek nahi laga,ORD-4506266,SKU-1908,V-19,Tiruppur,Leggings,Large,Maroon ,Other,,2026-09-10
C-01902,return,"size bada nikla, ek size chhota mangwana pada 👎",ORD-4930679,SKU-1111,V-11,Tiruppur,Kurtas,L,navy,Other,,2026-08-30
C-00753,review,"too loose, looks like a sack yaar",ORD-4338839,SKU-0601,V-06,Jaipur,Dresses,36,Maroon ,,2,2026-09-30
C-01710,return,"ARRIVED AFTER THE WEDDING, NO USE NOW paisa waste",ORD-4143831,SKU-2304,V-23,Tiruppur,Palazzo,M,mustard,Other,,2026-09-11
C-01634,review,"PIC ME MAROON THA, YE TO LAAL HAI",ORD-4222115,SKU-2203,V-22,Jaipur,Palazzo,40,mehroon,,3,2026-08-25
C-01498,review,"gift ke liye liya tha, zaroorat nahi rahi",ORD-4219190,SKU-2015,V-20,Jaipur,Leggings,XL,laal,,1,2026-09-04
C-01133,review,packet khula hua aaya tha paisa waste,ORD-4931525,SKU-0806,V-08,Jaipur,Kids tees,Age 4,navy,,2,2026-09-23
C-00988,review,"kamar pe tight hai, saans nahi aati refund chahiye",ORD-4969966,SKU-0412,V-04,Tiruppur,Kids tees,2Y,pink,,2,2026-09-22
C-00795,return,packet khula hua aaya tha refund chahiye,ORD-4184144,SKU-0601,V-06,Jaipur,Dresses,38,nevy,Other,,2026-09-25
C-01250,review,"rang halka hai, website pe dark tha yaar",ORD-4528600,SKU-1815,V-18,Tiruppur,Leggings,S,Maroon ,,1,2026-08-25
C-01967,review,jaisa socha tha waisa nahi nikla paisa waste,ORD-4053939,SKU-1103,V-11,Tiruppur,Kurtas,M,Navy Blue,,1,2026-09-03
C-01753,return,"PIC ME MAROON THA, YE TO LAAL HAI refund chahiye",ORD-4890252,SKU-2303,V-23,Tiruppur,Palazzo,XL,Black,Other,,2026-09-06
C-01507,review,dusra pasand aa gaya isliye wapas,ORD-4589399,SKU-2002,V-20,Jaipur,Leggings,M,blk,,2,2026-09-23
C-00554,review,ghutne se upar aa raha hai,ORD-4277291,SKU-1214,V-12,Jaipur,Dresses,Small,mehroon,,2,2026-09-23
C-01835,return,"rang halka hai, website pe dark tha refund chahiye",ORD-4610673,SKU-0905,V-09,Jaipur,Kurtas,Medium,mehroon,Other,,2026-08-30
C-01151,review,"delivery bahut der se hui, ab zaroorat nahi return kar diya",ORD-4087771,SKU-0810,V-08,Jaipur,Kids tees,Age 8,MRN,,2,2026-09-04
C-00765,return,"kamar pe tight hai, saans nahi aati refund chahiye",ORD-4767594,SKU-0620,V-06,Jaipur,Dresses,40,pink,Other,,2026-08-24
C-00151,return,"bust pe bhot tite, return kar diya paisa waste",ORD-4446506,SKU-0711,V-07,Tiruppur,Kurtis,42,black,Other,,2026-09-04
C-00520,review,"baju chhoti hai, kalai tak nahi aati plz jaldi refund karo",ORD-4545368,SKU-1219,V-12,Jaipur,Dresses,Large,black,,2,2026-09-05
C-01524,review,baju bohot tite hai paisa waste,ORD-4416094,SKU-2218,V-22,Jaipur,Palazzo,38,mehroon,,1,2026-10-02
C-00954,return,"fitting ajeeb hai, shape theek nahi",ORD-4583569,SKU-0412,V-04,Tiruppur,Kids tees,2Y,red,Other,,2026-09-09
C-00173,return,silai khul gayi pehle hi din yaar,ORD-4617388,SKU-0710,V-07,Tiruppur,Kurtis,38,Navy Blue,Other,,2026-09-27
C-01004,return,theek nahi laga plz jaldi refund karo,ORD-4712251,SKU-0418,V-04,Tiruppur,Kids tees,6Y,nevy,Other,,2026-10-04
C-00387,return,LENGTH IS TOO SHORT FOR ME refund chahiye,ORD-4643276,SKU-0213,V-02,Jaipur,Kurtis,X-Large,mustard,Other,,2026-08-24
C-01531,return,baju bhot tight hai,ORD-4779026,SKU-2202,V-22,Jaipur,Palazzo,38,blk,Other,,2026-09-24
C-00987,return,"CHEST PE FIT NAHI AA RAHA, CHHOTA HAI yaar",ORD-4842325,SKU-0409,V-04,Tiruppur,Kids tees,6Y,pink,Other,,2026-09-04
C-01383,review,wapas kar diya bas,ORD-4196575,SKU-1905,V-19,Tiruppur,Leggings,Medium,navy,,1,2026-09-19
C-01730,return,"galat product aaya, maine ye nahi mangwaya",ORD-4215355,SKU-2301,V-23,Tiruppur,Palazzo,S,Black,Other,,2026-10-02
C-01095,return,"rang alag hai, upar se bust pe tight",ORD-4071015,SKU-0815,V-08,Jaipur,Kids tees,Age 6,mustrd,Other,,2026-09-23
C-01604,return,bad,ORD-4429530,SKU-2206,V-22,Jaipur,Palazzo,36,peach,Other,,2026-09-18
C-00086,return,"shoulder se tight hai, haath nahi uthta yaar",ORD-4248691,SKU-0717,V-07,Tiruppur,Kurtis,40,MRN,Other,,2026-09-15
C-01192,return,"size bada nikla, ek size chhota mangwana pada",ORD-4410429,SKU-1820,V-18,Tiruppur,Leggings,XL,mustard,Other,,2026-10-03
C-00582,review,"fabric cheap lagta hai, photo jaisa nahi 👎",ORD-4147884,SKU-1209,V-12,Jaipur,Dresses,Large,mehroon,,1,2026-08-27
C-00486,return,length is too short for me paisa waste,ORD-4615094,SKU-1202,V-12,Jaipur,Dresses,Small,mehroon,Other,,2026-09-09
C-00459,return,"length bahut kam hai, photo me lamba dikh raha tha 👎",ORD-4516581,SKU-1215,V-12,Jaipur,Dresses,X-Large,Maroon ,Other,,2026-09-21
C-01237,review,packet khula hua aaya tha paisa waste,ORD-4571245,SKU-1802,V-18,Tiruppur,Leggings,M,blk,,2,2026-09-15
C-00071,review,kapda patla hai aur dheela bhi hai return kar diya,ORD-4977139,SKU-0715,V-07,Tiruppur,Kurtis,38,blk,,2,2026-09-09
C-00288,return,"kapda patla hai, ek dhulai me kharab ho gaya",ORD-4059732,SKU-0120,V-01,Tiruppur,Kurtis,M,pink,Other,,2026-09-29
C-00382,return,"bust pe bahut tite, return kar diya paisa waste",ORD-4199517,SKU-0205,V-02,Jaipur,Kurtis,Medium,mehroon,Other,,2026-08-29
C-00184,return,JAISA SOCHA THA WAISA NAHI NIKLA,ORD-4480332,SKU-0714,V-07,Tiruppur,Kurtis,36,pink,Other,,2026-09-29
C-00707,return,"GALAT PRODUCT AAYA, MAINE YE NAHI MANGWAYA",ORD-4003208,SKU-0505,V-05,Tiruppur,Dresses,S,navy,Other,,2026-09-13
C-00962,return,"kamar pe tight hai, saans nahi aati plz jaldi refund karo",ORD-4546969,SKU-0402,V-04,Tiruppur,Kids tees,4Y,peach,Other,,2026-09-26
C-01576,return,"size chhota hai, M bhi tight lag raha",ORD-4777075,SKU-2208,V-22,Jaipur,Palazzo,38,mustard,Other,,2026-08-29
C-00389,review,"kamar pe tight hai, saans nahi aati",ORD-4596604,SKU-0213,V-02,Jaipur,Kurtis,Small,blk,,1,2026-10-02
C-01162,review,"कपड़ा बहुत पतला है, घटिया क्वालिटी return kar diya",ORD-4230052,SKU-0805,V-08,Jaipur,Kids tees,Age 2,maroon,,2,2026-08-29
C-01111,review,"kamar pe loose hai, baaki theek",ORD-4162848,SKU-0805,V-08,Jaipur,Kids tees,Age 2,mustard,,3,2026-09-19
C-01033,review,"rang halka hai, website pe dark tha yaar",ORD-4565665,SKU-0419,V-04,Tiruppur,Kids tees,4Y,Black,,2,2026-09-22
C-01420,return,"too tight on the chest, had to return refund chahiye",ORD-4537479,SKU-2015,V-20,Jaipur,Leggings,XL,black,Other,,2026-09-02
C-01359,review,dusra pasand aa gaya isliye wapas paisa waste,ORD-4550855,SKU-1905,V-19,Tiruppur,Leggings,Medium,pink,,2,2026-09-20
C-01241,review,"rang halka hai, website pe dark tha",ORD-4869921,SKU-1805,V-18,Tiruppur,Leggings,M,mehroon,,2,2026-09-27
C-01992,review,"pic me maroon tha, ye to laal hai",ORD-4137087,SKU-1111,V-11,Tiruppur,Kurtas,M,blk,,1,2026-09-28
C-00041,return,"chest pe fit nahi aa raha, chhota hai yaar",ORD-4324073,SKU-0713,V-07,Tiruppur,Kurtis,36,MRN,Other,,2026-09-26
C-01770,return,"baju lambi hai, mod ke pehenna padta return kar diya",ORD-4282108,SKU-0915,V-09,Jaipur,Kurtas,Small,Maroon ,Other,,2026-08-26
C-00583,return,"kapda patla hai, ek dhulai me kharab ho gaya",ORD-4865594,SKU-1211,V-12,Jaipur,Dresses,Medium,black,Other,,2026-09-27
C-01930,return,ghutne se upar aa raha hai plz jaldi refund karo,ORD-4324561,SKU-1120,V-11,Tiruppur,Kurtas,L,maroon,Other,,2026-09-21
C-00406,review,"GALAT PRODUCT AAYA, MAINE YE NAHI MANGWAYA 👎",ORD-4647686,SKU-0208,V-02,Jaipur,Kurtis,Large,blk,,2,2026-08-24
C-01064,review,"BOHOT DHILA HAI, HANG HO RAHA refund chahiye",ORD-4722850,SKU-0808,V-08,Jaipur,Kids tees,Age 4,red,,1,2026-10-01
C-00143,review,"CHEST PE FIT NAHI AA RAHA, CHHOTA HAI",ORD-4063995,SKU-0703,V-07,Tiruppur,Kurtis,42,black,,3,2026-09-06
C-00183,review,"कपड़ा बहुत पतला है, घटिया क्वालिटी plz jaldi refund karo",ORD-4497689,SKU-0701,V-07,Tiruppur,Kurtis,38,MRN,,2,2026-08-29
C-00448,return,,ORD-4585823,SKU-0216,V-02,Jaipur,Kurtis,Small,peach,Other,,2026-09-01
C-00784,review,"kapda patla hai, ek dhulai me kharab ho gaya",ORD-4876240,SKU-0607,V-06,Jaipur,Dresses,36,maroon,,2,2026-09-17
C-01666,return,"bahut dhila hai, hang ho raha",ORD-4780794,SKU-2311,V-23,Tiruppur,Palazzo,L,maroon,Other,,2026-09-27
C-00238,return,"fitting sahi nahi, ek size bada lena padega",ORD-4869769,SKU-0118,V-01,Tiruppur,Kurtis,XL,blk,Other,,2026-09-27
C-01398,return,"size chhota hai, M bhi tite lag raha yaar",ORD-4442889,SKU-2008,V-20,Jaipur,Leggings,M,maroon,Other,,2026-09-29
C-00266,review,bacche ko bhot dheela hai,ORD-4976105,SKU-0109,V-01,Tiruppur,Kurtis,L,red,,1,2026-09-02
C-01277,return,"kamar pe tite hai, saans nahi aati yaar",ORD-4819948,SKU-1915,V-19,Tiruppur,Leggings,Medium,Maroon ,Other,,2026-08-30
C-00361,return,"size bada nikla, ek size chhota mangwana pada",ORD-4722291,SKU-0218,V-02,Jaipur,Kurtis,Large,Navy Blue,Other,,2026-09-28
C-01393,review,"RANG ALAG HAI, UPAR SE BUST PE TIGHT yaar",ORD-4937654,SKU-2015,V-20,Jaipur,Leggings,L,nevy,,2,2026-09-16
C-00780,review,"short hai, function me nahi pehen sakti return kar diya",ORD-4104285,SKU-0602,V-06,Jaipur,Dresses,36,red,,3,2026-10-01
C-00133,return,"chest pe fit nahi aa raha, chhota hai yaar",ORD-4802791,SKU-0716,V-07,Tiruppur,Kurtis,38,black,Other,,2026-08-24
C-01976,return,"कपड़ा बहुत पतला है, घटिया क्वालिटी",ORD-4929008,SKU-1101,V-11,Tiruppur,Kurtas,XL,blk,Other,,2026-09-08
C-00178,return,dhone pe rang nikal gaya aur sikud gaya,ORD-4497369,SKU-0701,V-07,Tiruppur,Kurtis,36,mustard,Other,,2026-09-12
C-01613,return,silai khul gayi pehle hi din paisa waste,ORD-4596632,SKU-2208,V-22,Jaipur,Palazzo,42,Navy Blue,Other,,2026-09-30
C-00940,return,baju bahut tight hai paisa waste,ORD-4551777,SKU-0419,V-04,Tiruppur,Kids tees,8Y,mustard,Other,,2026-09-16
C-00423,return,"कपड़ा बहुत पतला है, घटिया क्वालिटी",ORD-4564474,SKU-0209,V-02,Jaipur,Kurtis,X-Large,nevy,Other,,2026-09-05
C-01946,return,dhone pe rang nikal gaya aur sikud gaya return kar diya,ORD-4976594,SKU-1111,V-11,Tiruppur,Kurtas,S,pink,Other,,2026-09-29
C-01303,return,baju bohot tight hai yaar,ORD-4688668,SKU-1914,V-19,Tiruppur,Leggings,Small,navy,Other,,2026-09-11
C-01144,return,"kapda patla hai, ek dhulai me kharab ho gaya refund chahiye",ORD-4507905,SKU-0815,V-08,Jaipur,Kids tees,Age 6,red,Other,,2026-08-30
C-00769,review,"bohot lamba hai, zameen pe lag raha yaar",ORD-4816796,SKU-0620,V-06,Jaipur,Dresses,40,blk,,3,2026-09-20
C-01062,review,"बहुत ढीला है, बड़ा साइज़ आ गया",ORD-4467493,SKU-0820,V-08,Jaipur,Kids tees,Age 2,black,,2,2026-08-24
C-00883,return,"shoulder se utar raha hai, bada hai return kar diya",ORD-4207410,SKU-0320,V-03,Tiruppur,Kids tees,2-3 yrs,black,Other,,2026-08-26
C-00970,review,cut sahi nahi baithta body pe refund chahiye,ORD-4927885,SKU-0417,V-04,Tiruppur,Kids tees,8Y,red,,1,2026-09-19
C-00325,return,"कपड़ा बहुत पतला है, घटिया क्वालिटी return kar diya",ORD-4422727,SKU-0119,V-01,Tiruppur,Kurtis,S,peach,Other,,2026-09-06
C-01926,review,"shoulder se tight hai, haath nahi uthta",ORD-4741906,SKU-1107,V-11,Tiruppur,Kurtas,S,MRN,,2,2026-09-14
C-01484,return,stitching is poor and thread coming out refund chahiye,ORD-4539092,SKU-2006,V-20,Jaipur,Leggings,XL,peach,Other,,2026-09-05
C-01380,review,colour alag hai photo se paisa waste,ORD-4016042,SKU-1916,V-19,Tiruppur,Leggings,X-Large,red,,2,2026-08-29
C-00563,return,stitching is poor and thread coming out plz jaldi refund karo,ORD-4501342,SKU-1213,V-12,Jaipur,Dresses,Small,mehroon,Other,,2026-09-09
C-00605,review,"fitting sahi nahi, ek size bada lena padega",ORD-4427214,SKU-0504,V-05,Tiruppur,Dresses,L,peach,,3,2026-09-24
C-01622,return,ok,ORD-4257701,SKU-2212,V-22,Jaipur,Palazzo,42,pink,Other,,2026-09-07
C-00192,return,packet khula hua aaya tha,ORD-4969800,SKU-0713,V-07,Tiruppur,Kurtis,42,navy,Other,,2026-08-30
C-00539,return,length is too short for me 👎,ORD-4426028,SKU-1205,V-12,Jaipur,Dresses,X-Large,Navy Blue,Other,,2026-09-27
C-00468,return,"baju chhoti hai, kalai tak nahi aati yaar",ORD-4400325,SKU-1220,V-12,Jaipur,Dresses,Small,mustrd,Other,,2026-09-14
C-00191,review,dhone pe rang nikal gaya aur sikud gaya plz jaldi refund karo,ORD-4820823,SKU-0715,V-07,Tiruppur,Kurtis,40,red,,1,2026-09-13
C-01210,return,"TOO LOOSE, LOOKS LIKE A SACK refund chahiye",ORD-4863410,SKU-1819,V-18,Tiruppur,Leggings,M,peach,Other,,2026-09-30
C-00762,review,"size bada nikla, ek size chhota mangwana pada return kar diya",ORD-4962756,SKU-0610,V-06,Jaipur,Dresses,42,MRN,,3,2026-08-26
C-01361,return,"arrived after the wedding, no use now yaar",ORD-4579807,SKU-1915,V-19,Tiruppur,Leggings,Large,red,Other,,2026-10-01
C-01813,return,cut sahi nahi baithta body pe,ORD-4676773,SKU-0913,V-09,Jaipur,Kurtas,X-Large,Maroon ,Other,,2026-09-17
C-00616,review,"short hai, function me nahi pehen sakti",ORD-4580657,SKU-0513,V-05,Tiruppur,Dresses,M,blk,,1,2026-09-26
C-01391,return,"size chota hai, L bhi tight lag raha return kar diya",ORD-4542764,SKU-2020,V-20,Jaipur,Leggings,L,Navy Blue,Other,,2026-09-30
C-01464,review,dhone pe rang nikal gaya aur sikud gaya,ORD-4059023,SKU-2015,V-20,Jaipur,Leggings,S,red,,3,2026-10-01
C-01963,review,theek nahi laga 👎,ORD-4942596,SKU-1116,V-11,Tiruppur,Kurtas,M,pink,,1,2026-10-01
C-01373,return,"tag nahi tha, used lag raha tha 👎",ORD-4555128,SKU-1913,V-19,Tiruppur,Leggings,Large,red,Other,,2026-09-28
C-01273,return,"kamar pe loose hai, baaki theek",ORD-4280191,SKU-1909,V-19,Tiruppur,Leggings,Large,mehroon,Other,,2026-09-22
C-00163,return,"साइज़ छोटा है, बहुत टाइट है",ORD-4589561,SKU-0709,V-07,Tiruppur,Kurtis,40,blk,Other,,2026-09-17
C-01754,return,"late aaya, function nikal gaya plz jaldi refund karo",ORD-4680929,SKU-2304,V-23,Tiruppur,Palazzo,L,maroon,Other,,2026-09-19
C-00393,return,length is too short for me,ORD-4002584,SKU-0206,V-02,Jaipur,Kurtis,Medium,nevy,Other,,2026-09-07
C-00933,review,colour alag hai photo se return kar diya,ORD-4155928,SKU-0304,V-03,Tiruppur,Kids tees,4-5 yrs,nevy,,1,2026-09-10
C-00201,return,"pic me maroon tha, ye to laal hai",ORD-4288626,SKU-0712,V-07,Tiruppur,Kurtis,40,Navy Blue,Other,,2026-09-17
C-00846,review,"BOHOT DHEELA HAI, HANG HO RAHA",ORD-4443700,SKU-0312,V-03,Tiruppur,Kids tees,4-5 yrs,mehroon,,2,2026-09-22
C-00806,return,"tag nahi tha, used lag raha tha",ORD-4626384,SKU-0609,V-06,Jaipur,Dresses,38,mustrd,Other,,2026-09-09
C-00763,return,length is too short for me,ORD-4368181,SKU-0612,V-06,Jaipur,Dresses,36,pink,Other,,2026-09-18
C-00844,review,"fitting ajeeb hai, shape theek nahi return kar diya",ORD-4458003,SKU-0317,V-03,Tiruppur,Kids tees,6-7 yrs,MRN,,1,2026-08-29
C-00331,review,"rang halka hai, website pe dark tha paisa waste",ORD-4313457,SKU-0112,V-01,Tiruppur,Kurtis,M,navy,,1,2026-09-24
C-00303,return,silai khul gayi pehle hi din,ORD-4809443,SKU-0111,V-01,Tiruppur,Kurtis,S,maroon,Other,,2026-09-01
C-01868,return,??,ORD-4062908,SKU-0918,V-09,Jaipur,Kurtas,Small,mustard,Other,,2026-09-21
C-00832,review,galti se order ho gaya tha yaar,ORD-4617611,SKU-0602,V-06,Jaipur,Dresses,38,Maroon ,,1,2026-09-22
C-01266,return,"length bohot kam hai, photo me lamba dikh raha tha yaar",ORD-4483324,SKU-1905,V-19,Tiruppur,Leggings,Medium,Maroon ,Other,,2026-09-14
C-01026,return,stitching is poor and thread coming out,ORD-4436109,SKU-0404,V-04,Tiruppur,Kids tees,2Y,nevy,Other,,2026-09-16
C-01644,review,"bust pe bohot tight, return kar diya",ORD-4952096,SKU-2317,V-23,Tiruppur,Palazzo,S,pink,,1,2026-09-21
C-01143,return,dusra pasand aa gaya isliye wapas,ORD-4844609,SKU-0809,V-08,Jaipur,Kids tees,Age 2,mehroon,Other,,2026-09-04
C-00834,review,dhone pe rang nikal gaya aur sikud gaya plz jaldi refund karo,ORD-4889523,SKU-0607,V-06,Jaipur,Dresses,38,laal,,2,2026-09-01
C-00153,return,"chest pe fit nahi aa raha, chhota hai plz jaldi refund karo",ORD-4464174,SKU-0711,V-07,Tiruppur,Kurtis,40,laal,Other,,2026-09-20
C-01810,return,"chest pe fit nahi aa raha, chhota hai yaar",ORD-4207608,SKU-0906,V-09,Jaipur,Kurtas,Small,Black,Other,,2026-10-03
C-01172,return,SILAI KHUL GAYI PEHLE HI DIN refund chahiye,ORD-4755672,SKU-0809,V-08,Jaipur,Kids tees,Age 4,black,Other,,2026-10-03
C-01010,review,dhone pe rang nikal gaya aur sikud gaya paisa waste,ORD-4882737,SKU-0412,V-04,Tiruppur,Kids tees,4Y,mustrd,,1,2026-09-17
C-00538,return,"fitting ajeeb hai, shape theek nahi paisa waste",ORD-4810773,SKU-1211,V-12,Jaipur,Dresses,X-Large,mustard,Other,,2026-08-28
C-01207,return,"shoulder se utar raha hai, bada hai",ORD-4141847,SKU-1819,V-18,Tiruppur,Leggings,XL,maroon,Other,,2026-09-29
C-01515,return,"too tight on the chest, had to return return kar diya",ORD-4249412,SKU-2214,V-22,Jaipur,Palazzo,36,MRN,Other,,2026-09-23
C-00473,return,"length bhot kam hai, photo me lamba dikh raha tha yaar",ORD-4859448,SKU-1203,V-12,Jaipur,Dresses,Small,Navy Blue,Other,,2026-08-26
C-01102,return,"too tite on the chest, had to return refund chahiye",ORD-4196251,SKU-0805,V-08,Jaipur,Kids tees,Age 4,maroon,Other,,2026-09-19
C-01051,return,dhone pe rang nikal gaya aur sikud gaya return kar diya,ORD-4585899,SKU-0417,V-04,Tiruppur,Kids tees,2Y,nevy,Other,,2026-09-04
C-00728,review,"fitting sahi nahi, ek size bada lena padega plz jaldi refund karo",ORD-4810588,SKU-0611,V-06,Jaipur,Dresses,40,red,,2,2026-09-03
C-00039,review,"too tight on the chest, had to return paisa waste",ORD-4604598,SKU-0706,V-07,Tiruppur,Kurtis,38,nevy,,2,2026-09-29
C-00188,return,"arrived after the wedding, no use now return kar diya",ORD-4903327,SKU-0701,V-07,Tiruppur,Kurtis,36,mehroon,Other,,2026-08-30
C-00346,review,"bhot lamba hai, zameen pe lag raha yaar",ORD-4145375,SKU-0204,V-02,Jaipur,Kurtis,Medium,mustard,,1,2026-09-01
C-01876,return,"fabric cheap lagta hai, photo jaisa nahi yaar",ORD-4035152,SKU-0915,V-09,Jaipur,Kurtas,Medium,mehroon,Other,,2026-08-30
C-00752,return,"too tite on the chest, had to return",ORD-4957516,SKU-0605,V-06,Jaipur,Dresses,42,blk,Other,,2026-09-08
C-00070,review,"fitting ajeeb hai, shape theek nahi yaar",ORD-4295201,SKU-0701,V-07,Tiruppur,Kurtis,40,mehroon,,2,2026-09-10
C-01371,return,silai khul gayi pehle hi din return kar diya,ORD-4577747,SKU-1906,V-19,Tiruppur,Leggings,Small,mehroon,Other,,2026-09-17
C-01974,return,??,ORD-4828689,SKU-1106,V-11,Tiruppur,Kurtas,M,mustard,Other,,2026-09-02
C-01034,review,"late aaya, function nikal gaya 👎",ORD-4973944,SKU-0404,V-04,Tiruppur,Kids tees,2Y,Black,,1,2026-09-21
C-00528,return,"fitting ajeeb hai, shape theek nahi plz jaldi refund karo",ORD-4186955,SKU-1205,V-12,Jaipur,Dresses,X-Large,mustrd,Other,,2026-09-15
C-01909,return,"FITTING SAHI NAHI, EK SIZE BADA LENA PADEGA plz jaldi refund karo",ORD-4408608,SKU-1117,V-11,Tiruppur,Kurtas,XL,laal,Other,,2026-09-27
C-01288,review,baju bahut tight hai plz jaldi refund karo,ORD-4609979,SKU-1901,V-19,Tiruppur,Leggings,X-Large,laal,,1,2026-09-10
C-01781,return,"length zyada hai, katwana padega 👎",ORD-4834172,SKU-0917,V-09,Jaipur,Kurtas,Small,Black,Other,,2026-09-04
C-01736,return,"कपड़ा बहुत पतला है, घटिया क्वालिटी return kar diya",ORD-4832897,SKU-2302,V-23,Tiruppur,Palazzo,S,navy,Other,,2026-08-31
C-01656,return,"BAJU LAMBI HAI, MOD KE PEHENNA PADTA 👎",ORD-4172129,SKU-2308,V-23,Tiruppur,Palazzo,S,laal,Other,,2026-09-10
C-01286,review,"baju chhoti hai, kalai tak nahi aati paisa waste",ORD-4325348,SKU-1904,V-19,Tiruppur,Leggings,Small,nevy,,2,2026-10-03
C-01900,return,"TOO TIGHT ON THE CHEST, HAD TO RETURN",ORD-4261787,SKU-1119,V-11,Tiruppur,Kurtas,M,Maroon ,Other,,2026-09-26
C-01407,return,"fitting sahi nahi, ek size bada lena padega 👎",ORD-4767951,SKU-2014,V-20,Jaipur,Leggings,L,maroon,Other,,2026-09-11
C-00519,return,cut sahi nahi baithta body pe,ORD-4239480,SKU-1212,V-12,Jaipur,Dresses,Large,laal,Other,,2026-09-28
C-00628,review,"fitting sahi nahi, ek size bada lena padega",ORD-4758913,SKU-0513,V-05,Tiruppur,Dresses,L,black,,1,2026-09-18
C-01677,review,"बहुत ढीला है, बड़ा साइज़ आ गया 👎",ORD-4723667,SKU-2304,V-23,Tiruppur,Palazzo,M,blk,,1,2026-08-27
C-01966,review,stitching is poor and thread coming out,ORD-4820851,SKU-1109,V-11,Tiruppur,Kurtas,L,mustard,,3,2026-09-21
C-00141,return,"LENGTH BOHOT KAM HAI, PHOTO ME LAMBA DIKH RAHA THA",ORD-4301495,SKU-0720,V-07,Tiruppur,Kurtis,38,MRN,Other,,2026-09-08
C-01884,return,"bust pe bohot tight, return kar diya",ORD-4363500,SKU-1104,V-11,Tiruppur,Kurtas,XL,laal,Other,,2026-09-21
C-01505,review,pasand nahi aaya mujhe return kar diya,ORD-4669569,SKU-2005,V-20,Jaipur,Leggings,L,nevy,,1,2026-09-20
C-00413,return,dhone pe rang nikal gaya aur sikud gaya 👎,ORD-4526826,SKU-0207,V-02,Jaipur,Kurtis,Large,Maroon ,Other,,2026-08-24
C-00790,review,KALAR ALAG HAI PHOTO SE refund chahiye,ORD-4718837,SKU-0615,V-06,Jaipur,Dresses,40,navy,,2,2026-08-28
C-01197,review,ghutne se upar aa raha hai yaar,ORD-4152233,SKU-1817,V-18,Tiruppur,Leggings,L,mustard,,3,2026-09-19
C-00618,review,"साइज़ छोटा है, बहुत टाइट है paisa waste",ORD-4491114,SKU-0505,V-05,Tiruppur,Dresses,S,laal,,1,2026-09-25
C-01616,return,silai khul gayi pehle hi din,ORD-4726537,SKU-2215,V-22,Jaipur,Palazzo,38,mehroon,Other,,2026-09-30
C-01758,review,length is too short for me yaar,ORD-4338497,SKU-0915,V-09,Jaipur,Kurtas,X-Large,nevy,,2,2026-09-06
C-01950,return,"KAPDA PATLA HAI, EK DHULAI ME KHARAB HO GAYA paisa waste",ORD-4314732,SKU-1104,V-11,Tiruppur,Kurtas,S,nevy,Other,,2026-09-18
C-01222,return,color alag hai photo se refund chahiye,ORD-4687643,SKU-1808,V-18,Tiruppur,Leggings,XL,MRN,Other,,2026-09-05
C-01331,return,"gift ke liye liya tha, zaroorat nahi rahi",ORD-4726439,SKU-1920,V-19,Tiruppur,Leggings,Medium,Maroon ,Other,,2026-09-20
C-00997,return,"shoulder se tite hai, haath nahi uthta plz jaldi refund karo",ORD-4438353,SKU-0419,V-04,Tiruppur,Kids tees,8Y,Navy Blue,Other,,2026-10-02
C-01041,return,"tag nahi tha, used lag raha tha",ORD-4721001,SKU-0408,V-04,Tiruppur,Kids tees,8Y,laal,Other,,2026-09-14
C-00119,return,"too tight on the chest, had to return",ORD-4883128,SKU-0705,V-07,Tiruppur,Kurtis,42,MRN,Other,,2026-09-12
C-01497,review,stitching is poor and thread coming out,ORD-4436691,SKU-2013,V-20,Jaipur,Leggings,L,MRN,,2,2026-10-02
C-01968,return,"fabric cheap lagta hai, photo jaisa nahi 👎",ORD-4531739,SKU-1110,V-11,Tiruppur,Kurtas,XL,laal,Other,,2026-09-17
C-00371,review,colour alag tha aur size bhi chhota yaar,ORD-4907095,SKU-0220,V-02,Jaipur,Kurtis,Large,MRN,,2,2026-10-01
C-00016,review,"kamar pe tite hai, saans nahi aati 👎",ORD-4514208,SKU-0712,V-07,Tiruppur,Kurtis,36,Black,,1,2026-10-03
C-01381,return,"DELIVERY BAHUT DER SE HUI, AB ZAROORAT NAHI paisa waste",ORD-4665292,SKU-1907,V-19,Tiruppur,Leggings,Medium,MRN,Other,,2026-09-01
C-00333,return,silai khul gayi pehle hi din yaar,ORD-4499634,SKU-0113,V-01,Tiruppur,Kurtis,XL,laal,Other,,2026-09-13
C-00278,review,COLOUR ALAG HAI PHOTO SE,ORD-4659554,SKU-0114,V-01,Tiruppur,Kurtis,M,MRN,,2,2026-09-06
C-00031,review,"chest pe fit nahi aa raha, chhota hai 👎",ORD-4347047,SKU-0710,V-07,Tiruppur,Kurtis,42,pink,,3,2026-09-05
C-00682,return,silai khul gayi pehle hi din refund chahiye,ORD-4264908,SKU-0506,V-05,Tiruppur,Dresses,M,mustrd,Other,,2026-08-29
C-00298,review,"kapda patla hai, ek dhulai me kharab ho gaya",ORD-4371916,SKU-0106,V-01,Tiruppur,Kurtis,XL,Navy Blue,,2,2026-09-28
C-01276,return,"बहुत ढीला है, बड़ा साइज़ आ गया",ORD-4430337,SKU-1917,V-19,Tiruppur,Leggings,X-Large,mehroon,Other,,2026-08-28
C-01646,return,kapda patla hai aur dheela bhi hai,ORD-4502197,SKU-2304,V-23,Tiruppur,Palazzo,M,mustrd,Other,,2026-09-15
C-02012,return,colour alag hai photo se,ORD-4686247,SKU-0104,V-01,Tiruppur,Kurtis,XL,black,Other,,2026-09-16
C-00175,return,"TAG NAHI THA, USED LAG RAHA THA",ORD-4191104,SKU-0713,V-07,Tiruppur,Kurtis,40,laal,Other,,2026-09-24
C-00207,return,stitching is poor and thread coming out 👎,ORD-4684182,SKU-0706,V-07,Tiruppur,Kurtis,36,blk,Other,,2026-09-20
C-01910,review,"baju lambi hai, mod ke pehenna padta plz jaldi refund karo",ORD-4657754,SKU-1106,V-11,Tiruppur,Kurtas,XL,nevy,,2,2026-09-18
C-00614,return,"chest pe fit nahi aa raha, chhota hai plz jaldi refund karo",ORD-4281183,SKU-0515,V-05,Tiruppur,Dresses,XL,mustard,Other,,2026-09-18
C-01492,review,pasand nahi aaya mujhe return kar diya,ORD-4969991,SKU-2008,V-20,Jaipur,Leggings,L,Black,,3,2026-09-09
C-01939,return,"short hai, function me nahi pehen sakti",ORD-4991334,SKU-1108,V-11,Tiruppur,Kurtas,L,black,Other,,2026-09-13
C-01356,return,colour alag hai photo se plz jaldi refund karo,ORD-4493165,SKU-1916,V-19,Tiruppur,Leggings,Small,mustard,Other,,2026-08-25
C-01923,review,baju bahut tite hai,ORD-4475095,SKU-1111,V-11,Tiruppur,Kurtas,M,navy,,1,2026-09-03
C-00270,review,"too tite on the chest, had to return plz jaldi refund karo",ORD-4624848,SKU-0116,V-01,Tiruppur,Kurtis,M,MRN,,1,2026-10-01
C-00109,return,"kamar pe tite hai, saans nahi aati",ORD-4689334,SKU-0718,V-07,Tiruppur,Kurtis,42,black,Other,,2026-10-03
C-00578,return,dhone pe rang nikal gaya aur sikud gaya plz jaldi refund karo,ORD-4455219,SKU-1218,V-12,Jaipur,Dresses,X-Large,black,Other,,2026-09-25
C-01784,review,bacche ko bahut dhila hai,ORD-4515131,SKU-0902,V-09,Jaipur,Kurtas,X-Large,Black,,1,2026-09-29
C-01410,return,cut sahi nahi baithta body pe,ORD-4609520,SKU-2016,V-20,Jaipur,Leggings,L,pink,Other,,2026-09-15
C-01760,return,kapda patla hai aur dheela bhi hai,ORD-4034253,SKU-0901,V-09,Jaipur,Kurtas,Small,peach,Other,,2026-09-27
C-01819,return,"short hai, function me nahi pehen sakti",ORD-4177547,SKU-0908,V-09,Jaipur,Kurtas,Small,navy,Other,,2026-09-26
C-00394,return,"too loose, looks like a sack plz jaldi refund karo",ORD-4301191,SKU-0204,V-02,Jaipur,Kurtis,Small,MRN,Other,,2026-09-09
C-00932,return,stitching is poor and thread coming out refund chahiye,ORD-4528109,SKU-0309,V-03,Tiruppur,Kids tees,8-9 yrs,laal,Other,,2026-10-02
C-00380,return,bacche ko bohot dhila hai,ORD-4454986,SKU-0203,V-02,Jaipur,Kurtis,X-Large,mustrd,Other,,2026-09-02
C-01054,return,"rang halka hai, website pe dark tha",ORD-4274486,SKU-0408,V-04,Tiruppur,Kids tees,4Y,pink,Other,,2026-09-22
C-01348,review,"fabric cheap lagta hai, photo jaisa nahi",ORD-4316110,SKU-1919,V-19,Tiruppur,Leggings,Medium,peach,,1,2026-10-04
C-01852,return,"gift ke liye liya tha, zaroorat nahi rahi",ORD-4738212,SKU-0909,V-09,Jaipur,Kurtas,Small,pink,Other,,2026-09-23
C-01389,return,"short hai, function me nahi pehen sakti refund chahiye",ORD-4099146,SKU-2004,V-20,Jaipur,Leggings,S,MRN,Other,,2026-09-11
C-00124,review,"साइज़ छोटा है, बहुत टाइट है paisa waste",ORD-4924577,SKU-0716,V-07,Tiruppur,Kurtis,38,peach,,2,2026-08-24
C-01700,review,"TOO LOOSE, LOOKS LIKE A SACK plz jaldi refund karo",ORD-4379417,SKU-2312,V-23,Tiruppur,Palazzo,M,nevy,,1,2026-09-21
C-01651,return,"kamar pe loose hai, baaki theek paisa waste",ORD-4926693,SKU-2315,V-23,Tiruppur,Palazzo,L,red,Other,,2026-09-04
C-01412,return,"size chotta hai, S bhi tight lag raha",ORD-4224068,SKU-2012,V-20,Jaipur,Leggings,S,black,Other,,2026-09-07
C-00472,review,cut sahi nahi baithta body pe paisa waste,ORD-4309263,SKU-1214,V-12,Jaipur,Dresses,Large,Maroon ,,2,2026-09-19
C-00305,return,"galat product aaya, maine ye nahi mangwaya",ORD-4487297,SKU-0109,V-01,Tiruppur,Kurtis,XL,mustrd,Other,,2026-09-03
C-00518,review,late aaya aur length bhi kam hai,ORD-4069461,SKU-1207,V-12,Jaipur,Dresses,Small,navy,,3,2026-09-30
C-01595,review,"PIC ME MAROON THA, YE TO LAAL HAI plz jaldi refund karo",ORD-4016475,SKU-2214,V-22,Jaipur,Palazzo,40,Navy Blue,,1,2026-09-18
C-01945,review,SILAI KHUL GAYI PEHLE HI DIN paisa waste,ORD-4884771,SKU-1101,V-11,Tiruppur,Kurtas,M,mehroon,,1,2026-08-29
C-01927,return,"fitting sahi nahi, ek size bada lena padega",ORD-4149527,SKU-1108,V-11,Tiruppur,Kurtas,XL,mustard,Other,,2026-09-25
C-01957,review,colour alag hai photo se 👎,ORD-4708457,SKU-1109,V-11,Tiruppur,Kurtas,S,laal,,2,2026-09-29
C-00756,review,"साइज़ छोटा है, बहुत टाइट है refund chahiye",ORD-4936521,SKU-0616,V-06,Jaipur,Dresses,42,mehroon,,2,2026-08-31
C-00506,review,ghutne se upar aa raha hai,ORD-4926512,SKU-1218,V-12,Jaipur,Dresses,X-Large,red,,1,2026-09-12
C-00379,return,ghutne se upar aa raha hai,ORD-4995716,SKU-0208,V-02,Jaipur,Kurtis,Large,black,Other,,2026-10-04
C-01216,return,"TOO LOOSE, LOOKS LIKE A SACK yaar",ORD-4266401,SKU-1805,V-18,Tiruppur,Leggings,L,black,Other,,2026-09-29
C-01850,return,"कपड़ा बहुत पतला है, घटिया क्वालिटी",ORD-4328373,SKU-0909,V-09,Jaipur,Kurtas,Medium,Maroon ,Other,,2026-09-14
C-00476,return,length is too short for me,ORD-4484550,SKU-1216,V-12,Jaipur,Dresses,Large,peach,Other,,2026-09-27
C-01429,return,"length bhot kam hai, photo me lamba dikh raha tha return kar diya",ORD-4723254,SKU-2019,V-20,Jaipur,Leggings,XL,Navy Blue,Other,,2026-09-23
C-00272,review,"SHOULDER SE UTAR RAHA HAI, BADA HAI paisa waste",ORD-4534094,SKU-0115,V-01,Tiruppur,Kurtis,L,black,,2,2026-09-01
C-01292,review,"length bahut kam hai, photo me lamba dikh raha tha yaar",ORD-4950793,SKU-1913,V-19,Tiruppur,Leggings,Large,pink,,1,2026-09-05
C-01045,return,packet khula hua aaya tha,ORD-4636071,SKU-0402,V-04,Tiruppur,Kids tees,8Y,mustard,Other,,2026-09-29
C-01385,return,"late aaya, function nikal gaya yaar",ORD-4121429,SKU-1907,V-19,Tiruppur,Leggings,Large,navy,Other,,2026-08-30
C-00090,return,late aaya aur length bhi kam hai return kar diya,ORD-4490533,SKU-0705,V-07,Tiruppur,Kurtis,42,laal,Other,,2026-10-01
C-00370,return,"shoulder se tight hai, haath nahi uthta",ORD-4800138,SKU-0206,V-02,Jaipur,Kurtis,Medium,Black,Other,,2026-09-14
C-00311,review,"rang halka hai, website pe dark tha refund chahiye",ORD-4821620,SKU-0118,V-01,Tiruppur,Kurtis,XL,laal,,1,2026-09-03
C-00660,review,"size bada nikla, ek size chhota mangwana pada",ORD-4260762,SKU-0510,V-05,Tiruppur,Dresses,M,maroon,,1,2026-08-25
C-00045,review,"CHEST PE FIT NAHI AA RAHA, CHHOTA HAI refund chahiye",ORD-4733277,SKU-0709,V-07,Tiruppur,Kurtis,36,Navy Blue,,2,2026-09-25
C-01322,return,"short hai, function me nahi pehen sakti return kar diya",ORD-4460345,SKU-1915,V-19,Tiruppur,Leggings,Medium,laal,Other,,2026-09-05
C-00770,return,"too tight on the chest, had to return",ORD-4830088,SKU-0601,V-06,Jaipur,Dresses,38,Navy Blue,Other,,2026-10-04
C-00657,return,"size chhota hai, M bhi tight lag raha 👎",ORD-4233021,SKU-0514,V-05,Tiruppur,Dresses,M,blk,Other,,2026-09-26
C-01252,return,"arrived after the wedding, no use now yaar",ORD-4968836,SKU-1804,V-18,Tiruppur,Leggings,S,red,Other,,2026-09-24
C-00947,return,"LENGTH BOHOT KAM HAI, PHOTO ME LAMBA DIKH RAHA THA 👎",ORD-4555631,SKU-0418,V-04,Tiruppur,Kids tees,2Y,black,Other,,2026-09-03
C-01243,review,"LATE AAYA, FUNCTION NIKAL GAYA",ORD-4020447,SKU-1806,V-18,Tiruppur,Leggings,M,red,,1,2026-09-30
C-01129,review,"late aaya, function nikal gaya",ORD-4319425,SKU-0803,V-08,Jaipur,Kids tees,Age 4,mustard,,2,2026-09-29
C-00879,return,bacche ko bahut dheela hai plz jaldi refund karo,ORD-4983198,SKU-0314,V-03,Tiruppur,Kids tees,4-5 yrs,maroon,Other,,2026-09-21
C-01314,return,length is too short for me plz jaldi refund karo,ORD-4406390,SKU-1916,V-19,Tiruppur,Leggings,Medium,MRN,Other,,2026-09-22
C-00860,return,"size bada nikla, ek size chhota mangwana pada 👎",ORD-4085356,SKU-0309,V-03,Tiruppur,Kids tees,2-3 yrs,black,Other,,2026-09-21
C-00642,review,"kamar pe loose hai, baaki theek 👎",ORD-4707689,SKU-0512,V-05,Tiruppur,Dresses,S,mustard,,3,2026-09-04
C-00828,return,PACKET KHULA HUA AAYA THA,ORD-4172423,SKU-0605,V-06,Jaipur,Dresses,38,black,Other,,2026-09-13
C-00044,return,"bust pe bahut tite, return kar diya",ORD-4956807,SKU-0720,V-07,Tiruppur,Kurtis,42,blk,Other,,2026-09-19
C-00973,return,"shoulder se tight hai, haath nahi uthta plz jaldi refund karo",ORD-4721018,SKU-0408,V-04,Tiruppur,Kids tees,6Y,black,Other,,2026-08-26
C-00416,review,stitching is poor and thread coming out,ORD-4310557,SKU-0220,V-02,Jaipur,Kurtis,X-Large,maroon,,1,2026-08-30
C-00156,review,"size chota hai, L bhi tight lag raha paisa waste",ORD-4791688,SKU-0719,V-07,Tiruppur,Kurtis,40,Navy Blue,,1,2026-09-09
C-01325,return,"too tite on the chest, had to return paisa waste",ORD-4784861,SKU-1901,V-19,Tiruppur,Leggings,Medium,blk,Other,,2026-08-27
C-00798,return,stitching is poor and thread coming out paisa waste,ORD-4590499,SKU-0617,V-06,Jaipur,Dresses,42,red,Other,,2026-10-04
C-02010,return,baju bahut tight hai refund chahiye,ORD-4892999,SKU-0701,V-07,Tiruppur,Kurtis,42,nevy,Other,,2026-09-26
C-00647,return,"shoulder se tite hai, haath nahi uthta refund chahiye",ORD-4811291,SKU-0512,V-05,Tiruppur,Dresses,S,mustrd,Other,,2026-09-10
C-01574,return,"TOO TIGHT ON THE CHEST, HAD TO RETURN",ORD-4431384,SKU-2203,V-22,Jaipur,Palazzo,40,peach,Other,,2026-09-09
C-00687,return,dhone pe rang nikal gaya aur sikud gaya plz jaldi refund karo,ORD-4861413,SKU-0518,V-05,Tiruppur,Dresses,S,mustard,Other,,2026-10-03
C-01706,return,"gift ke liye liya tha, zaroorat nahi rahi paisa waste",ORD-4513416,SKU-2301,V-23,Tiruppur,Palazzo,L,Black,Other,,2026-08-25
C-01605,return,COLOR IS DIFFERENT FROM THE PICTURE return kar diya,ORD-4018839,SKU-2206,V-22,Jaipur,Palazzo,42,Black,Other,,2026-09-22
C-01514,review,dusra pasand aa gaya isliye wapas yaar,ORD-4819654,SKU-2105,V-21,Jaipur,Palazzo,S,MRN,,1,2026-09-20
C-00462,review,"chest pe fit nahi aa raha, chhota hai yaar",ORD-4223027,SKU-1217,V-12,Jaipur,Dresses,Small,Maroon ,,3,2026-09-18
C-00321,return,color is different from the picture,ORD-4535694,SKU-0110,V-01,Tiruppur,Kurtis,M,Navy Blue,Other,,2026-10-04
C-00580,return,DHONE PE RANG NIKAL GAYA AUR SIKUD GAYA paisa waste,ORD-4574115,SKU-1209,V-12,Jaipur,Dresses,X-Large,laal,Other,,2026-09-05
C-01904,return,"chest pe fit nahi aa raha, chhota hai return kar diya",ORD-4348496,SKU-1103,V-11,Tiruppur,Kurtas,XL,maroon,Other,,2026-08-31
C-01099,review,"length bahut kam hai, photo me lamba dikh raha tha return kar diya",ORD-4330993,SKU-0804,V-08,Jaipur,Kids tees,Age 2,mustard,,2,2026-10-01
C-00993,return,"length zyada hai, katwana padega 👎",ORD-4417011,SKU-0419,V-04,Tiruppur,Kids tees,4Y,red,Other,,2026-10-02
C-00804,return,"tag nahi tha, used lag raha tha 👎",ORD-4883845,SKU-0601,V-06,Jaipur,Dresses,36,Black,Other,,2026-09-04
C-00783,return,silai khul gayi pehle hi din return kar diya,ORD-4899731,SKU-0610,V-06,Jaipur,Dresses,42,Navy Blue,Other,,2026-10-03
C-00568,return,"late aaya, function nikal gaya return kar diya",ORD-4334735,SKU-1203,V-12,Jaipur,Dresses,Small,blk,Other,,2026-09-03
C-01142,review,accha nahi hai ye return kar diya,ORD-4476498,SKU-0813,V-08,Jaipur,Kids tees,Age 6,mustrd,,2,2026-09-17
C-00541,return,late aaya aur length bhi kam hai refund chahiye,ORD-4497671,SKU-1220,V-12,Jaipur,Dresses,Small,red,Other,,2026-09-30
C-00913,return,"rang halka hai, website pe dark tha refund chahiye",ORD-4518363,SKU-0316,V-03,Tiruppur,Kids tees,2-3 yrs,Maroon ,Other,,2026-10-03
C-00703,review,"fabric cheap lagta hai, photo jaisa nahi",ORD-4872634,SKU-0518,V-05,Tiruppur,Dresses,M,red,,3,2026-09-18
C-01435,review,"fitting ajeeb hai, shape theek nahi",ORD-4008594,SKU-2003,V-20,Jaipur,Leggings,XL,laal,,3,2026-10-02
C-00841,return,"too loose, looks like a sack return kar diya",ORD-4972720,SKU-0320,V-03,Tiruppur,Kids tees,2-3 yrs,peach,Other,,2026-08-29
C-00824,return,"कपड़ा बहुत पतला है, घटिया क्वालिटी yaar",ORD-4309303,SKU-0611,V-06,Jaipur,Dresses,42,laal,Other,,2026-09-13
C-01309,return,"size chotta hai, S bhi tight lag raha",ORD-4537085,SKU-1908,V-19,Tiruppur,Leggings,Small,blk,Other,,2026-09-09
C-01305,return,cut sahi nahi baithta body pe,ORD-4033268,SKU-1908,V-19,Tiruppur,Leggings,Medium,laal,Other,,2026-09-14
C-00595,return,"pic me maroon tha, ye to laal hai",ORD-4089846,SKU-1208,V-12,Jaipur,Dresses,X-Large,red,Other,,2026-09-08
C-01799,return,"kamar pe loose hai, baaki theek",ORD-4066747,SKU-0919,V-09,Jaipur,Kurtas,X-Large,navy,Other,,2026-10-02
C-00630,return,"chest pe fit nahi aa raha, chhota hai plz jaldi refund karo",ORD-4190291,SKU-0515,V-05,Tiruppur,Dresses,L,mehroon,Other,,2026-08-30
C-00094,return,"length bahut kam hai, photo me lamba dikh raha tha refund chahiye",ORD-4655439,SKU-0702,V-07,Tiruppur,Kurtis,40,navy,Other,,2026-09-02
C-00737,review,"बहुत ढीला है, बड़ा साइज़ आ गया refund chahiye",ORD-4458819,SKU-0605,V-06,Jaipur,Dresses,36,nevy,,2,2026-09-29
C-01275,return,"SHORT HAI, FUNCTION ME NAHI PEHEN SAKTI return kar diya",ORD-4234363,SKU-1911,V-19,Tiruppur,Leggings,Small,mustrd,Other,,2026-08-29
C-00431,return,accha nahi hai ye,ORD-4745376,SKU-0206,V-02,Jaipur,Kurtis,Medium,Black,Other,,2026-09-14
C-01370,review,"rang halka hai, website pe dark tha",ORD-4447968,SKU-1918,V-19,Tiruppur,Leggings,Medium,red,,2,2026-09-04
C-01800,return,"SHOULDER SE UTAR RAHA HAI, BADA HAI yaar",ORD-4009854,SKU-0916,V-09,Jaipur,Kurtas,Large,blk,Other,,2026-09-03
C-00870,return,"kamar pe loose hai, baaki theek return kar diya",ORD-4080489,SKU-0309,V-03,Tiruppur,Kids tees,8-9 yrs,blk,Other,,2026-09-17
C-01448,review,late aaya aur length bhi kam hai yaar,ORD-4736760,SKU-2004,V-20,Jaipur,Leggings,S,laal,,2,2026-09-01
C-00428,review,STITCHING IS POOR AND THREAD COMING OUT paisa waste,ORD-4358993,SKU-0206,V-02,Jaipur,Kurtis,Small,Maroon ,,2,2026-08-24
C-00408,return,theek nahi laga paisa waste,ORD-4274511,SKU-0219,V-02,Jaipur,Kurtis,Small,mustard,Other,,2026-09-06
C-01642,return,"FITTING SAHI NAHI, EK SIZE BADA LENA PADEGA plz jaldi refund karo",ORD-4060984,SKU-2316,V-23,Tiruppur,Palazzo,XL,mehroon,Other,,2026-10-02
C-01060,return,"kamar pe loose hai, baaki theek",ORD-4187892,SKU-0817,V-08,Jaipur,Kids tees,Age 8,mehroon,Other,,2026-09-17
C-00684,review,"tag nahi tha, used lag raha tha",ORD-4406007,SKU-0518,V-05,Tiruppur,Dresses,S,mustrd,,1,2026-08-24
C-01362,return,"kapda patla hai, ek dhulai me kharab ho gaya",ORD-4404822,SKU-1911,V-19,Tiruppur,Leggings,Small,Navy Blue,Other,,2026-09-16
C-00009,return,"bust pe bhot tight, return kar diya refund chahiye",ORD-4690352,SKU-0704,V-07,Tiruppur,Kurtis,42,peach,Other,,2026-09-14
C-00290,review,dhone pe rang nikal gaya aur sikud gaya paisa waste,ORD-4377628,SKU-0103,V-01,Tiruppur,Kurtis,L,blk,,1,2026-09-02
C-01425,review,"bohot dheela hai, hang ho raha return kar diya",ORD-4147617,SKU-2010,V-20,Jaipur,Leggings,S,navy,,3,2026-08-24
C-01874,return,wapas kar diya bas paisa waste,ORD-4598333,SKU-0909,V-09,Jaipur,Kurtas,X-Large,MRN,Other,,2026-09-06
C-01357,return,"kapda patla hai, ek dhulai me kharab ho gaya",ORD-4826329,SKU-1910,V-19,Tiruppur,Leggings,X-Large,laal,Other,,2026-09-30
C-00808,review,"GALAT PRODUCT AAYA, MAINE YE NAHI MANGWAYA 👎",ORD-4435117,SKU-0613,V-06,Jaipur,Dresses,38,mehroon,,1,2026-08-25
C-00706,return,"delivery bhot der se hui, ab zaroorat nahi yaar",ORD-4548003,SKU-0501,V-05,Tiruppur,Dresses,L,Black,Other,,2026-09-10
C-01748,review,color is different from the picture refund chahiye,ORD-4883956,SKU-2307,V-23,Tiruppur,Palazzo,L,black,,3,2026-08-25
C-00975,return,"bohot dheela hai, hang ho raha yaar",ORD-4504569,SKU-0413,V-04,Tiruppur,Kids tees,6Y,mehroon,Other,,2026-09-12
C-01866,review,colour alag hai photo se yaar,ORD-4884011,SKU-0903,V-09,Jaipur,Kurtas,Medium,blk,,2,2026-09-12
C-00150,review,"fitting sahi nahi, ek size bada lena padega return kar diya",ORD-4940377,SKU-0707,V-07,Tiruppur,Kurtis,38,pink,,2,2026-09-25
C-00709,review,"tag nahi tha, used lag raha tha refund chahiye",ORD-4173957,SKU-0503,V-05,Tiruppur,Dresses,M,mustrd,,2,2026-09-26
C-00280,review,colour alag hai photo se,ORD-4980401,SKU-0113,V-01,Tiruppur,Kurtis,L,Black,,3,2026-09-06
C-00640,return,length is too short for me plz jaldi refund karo,ORD-4193268,SKU-0519,V-05,Tiruppur,Dresses,M,Black,Other,,2026-09-29
C-01847,review,silai khul gayi pehle hi din,ORD-4531518,SKU-0916,V-09,Jaipur,Kurtas,Small,maroon,,2,2026-09-08
C-01612,return,"arrived after the wedding, no use now return kar diya",ORD-4806444,SKU-2217,V-22,Jaipur,Palazzo,42,black,Other,,2026-09-11
C-01885,return,"साइज़ छोटा है, बहुत टाइट है refund chahiye",ORD-4875096,SKU-1113,V-11,Tiruppur,Kurtas,L,red,Other,,2026-08-30
C-02028,return,COLOUR ALAG HAI PHOTO SE refund chahiye,ORD-4173220,SKU-2302,V-23,Tiruppur,Palazzo,L,peach,Other,,2026-10-04
C-00223,return,"length bohot kam hai, photo me lamba dikh raha tha paisa waste",ORD-4753385,SKU-0111,V-01,Tiruppur,Kurtis,S,pink,Other,,2026-09-11
C-01525,return,"kamar pe loose hai, baaki theek paisa waste",ORD-4529165,SKU-2208,V-22,Jaipur,Palazzo,36,mustrd,Other,,2026-09-03
C-01044,return,"pic me maroon tha, ye to laal hai yaar",ORD-4921500,SKU-0420,V-04,Tiruppur,Kids tees,4Y,mustard,Other,,2026-09-01
C-00950,return,"bhot dheela hai, hang ho raha plz jaldi refund karo",ORD-4923968,SKU-0416,V-04,Tiruppur,Kids tees,2Y,laal,Other,,2026-09-13
C-01577,return,kapda patla hai aur dheela bhi hai,ORD-4200657,SKU-2219,V-22,Jaipur,Palazzo,40,maroon,Other,,2026-09-28
C-01421,return,"size chota hai, XL bhi tight lag raha return kar diya",ORD-4449740,SKU-2004,V-20,Jaipur,Leggings,XL,mehroon,Other,,2026-08-25
C-01782,return,"fitting sahi nahi, ek size bada lena padega return kar diya",ORD-4824253,SKU-0906,V-09,Jaipur,Kurtas,X-Large,mustrd,Other,,2026-09-19
C-00334,review,"gift ke liye liya tha, zaroorat nahi rahi",ORD-4617860,SKU-0101,V-01,Tiruppur,Kurtis,S,red,,3,2026-09-07
C-00102,return,"too tight on the chest, had to return return kar diya",ORD-4802621,SKU-0717,V-07,Tiruppur,Kurtis,42,pink,Other,,2026-09-25
C-01169,review,"pic me maroon tha, ye to laal hai 👎",ORD-4027239,SKU-0810,V-08,Jaipur,Kids tees,Age 6,peach,,3,2026-10-03
C-00062,return,"size chotta hai, L bhi tite lag raha",ORD-4379488,SKU-0714,V-07,Tiruppur,Kurtis,40,navy,Other,,2026-09-12
C-00521,return,length is too short for me refund chahiye,ORD-4516333,SKU-1204,V-12,Jaipur,Dresses,Small,mehroon,Other,,2026-09-17
C-01409,review,"too tight on the chest, had to return yaar",ORD-4398301,SKU-2019,V-20,Jaipur,Leggings,XL,mustard,,2,2026-09-21
C-01158,return,COLOR IS DIFFERENT FROM THE PICTURE 👎,ORD-4198108,SKU-0819,V-08,Jaipur,Kids tees,Age 6,blk,Other,,2026-09-12
C-00067,return,"BUST PE BOHOT TITE, RETURN KAR DIYA",ORD-4168440,SKU-0701,V-07,Tiruppur,Kurtis,36,mehroon,Other,,2026-08-29
C-01556,review,"kamar pe loose hai, baaki theek",ORD-4731606,SKU-2214,V-22,Jaipur,Palazzo,36,peach,,2,2026-09-21
C-01342,review,color is different from the picture plz jaldi refund karo,ORD-4185270,SKU-1919,V-19,Tiruppur,Leggings,Medium,mehroon,,2,2026-09-30
C-01258,review,"pic me maroon tha, ye to laal hai",ORD-4799487,SKU-1814,V-18,Tiruppur,Leggings,L,laal,,3,2026-09-11
C-01567,return,"shoulder se tight hai, haath nahi uthta 👎",ORD-4668057,SKU-2203,V-22,Jaipur,Palazzo,36,red,Other,,2026-09-03
C-00381,return,"shoulder se utar raha hai, bada hai paisa waste",ORD-4299687,SKU-0207,V-02,Jaipur,Kurtis,X-Large,MRN,Other,,2026-09-08
C-00556,return,LENGTH IS TOO SHORT FOR ME,ORD-4517073,SKU-1208,V-12,Jaipur,Dresses,X-Large,laal,Other,,2026-08-26
C-00197,review,"fabric cheap lagta hai, photo jaisa nahi",ORD-4643466,SKU-0702,V-07,Tiruppur,Kurtis,40,Black,,3,2026-10-04
C-01227,review,"delivery bohot der se hui, ab zaroorat nahi",ORD-4071491,SKU-1803,V-18,Tiruppur,Leggings,L,pink,,2,2026-09-30
C-00515,return,"short hai, function me nahi pehen sakti return kar diya",ORD-4856958,SKU-1212,V-12,Jaipur,Dresses,Small,maroon,Other,,2026-09-02
C-01316,return,"बहुत ढीला है, बड़ा साइज़ आ गया 👎",ORD-4683966,SKU-1918,V-19,Tiruppur,Leggings,Medium,Navy Blue,Other,,2026-09-17
C-00998,return,"kamar pe loose hai, baaki theek",ORD-4431030,SKU-0411,V-04,Tiruppur,Kids tees,2Y,maroon,Other,,2026-09-15
C-01765,return,"chest pe fit nahi aa raha, chhota hai",ORD-4712393,SKU-0901,V-09,Jaipur,Kurtas,Medium,mehroon,Other,,2026-10-03
C-01689,return,baju bhot tite hai yaar,ORD-4433558,SKU-2318,V-23,Tiruppur,Palazzo,M,red,Other,,2026-09-06
C-01641,return,"kamar pe tite hai, saans nahi aati yaar",ORD-4070473,SKU-2303,V-23,Tiruppur,Palazzo,XL,navy,Other,,2026-09-20
C-00983,return,"chest pe fit nahi aa raha, chhota hai plz jaldi refund karo",ORD-4711471,SKU-0415,V-04,Tiruppur,Kids tees,2Y,Maroon ,Other,,2026-09-18
C-00489,return,length is too short for me refund chahiye,ORD-4864212,SKU-1206,V-12,Jaipur,Dresses,X-Large,peach,Other,,2026-09-02
C-01755,return,"RANG HALKA HAI, WEBSITE PE DARK THA",ORD-4968791,SKU-2305,V-23,Tiruppur,Palazzo,L,Navy Blue,Other,,2026-08-30
C-02024,review,"too tite on the chest, had to return return kar diya",ORD-4819768,SKU-0619,V-06,Jaipur,Dresses,38,navy,,2,2026-09-28
C-00262,return,baju bahut tite hai plz jaldi refund karo,ORD-4565417,SKU-0106,V-01,Tiruppur,Kurtis,XL,Maroon ,Other,,2026-09-18
C-01864,return,"कपड़ा बहुत पतला है, घटिया क्वालिटी yaar",ORD-4932385,SKU-0918,V-09,Jaipur,Kurtas,Large,mustrd,Other,,2026-09-14
C-00058,return,"chest pe fit nahi aa raha, chhota hai",ORD-4470049,SKU-0704,V-07,Tiruppur,Kurtis,42,mustard,Other,,2026-09-19
C-01124,review,theek nahi laga return kar diya,ORD-4782801,SKU-0816,V-08,Jaipur,Kids tees,Age 8,mustard,,3,2026-09-11
C-00032,review,baju bahut tight hai refund chahiye,ORD-4884919,SKU-0707,V-07,Tiruppur,Kurtis,42,Black,,2,2026-09-26
C-00209,return,"delivery bohot der se hui, ab zaroorat nahi",ORD-4314761,SKU-0713,V-07,Tiruppur,Kurtis,36,laal,Other,,2026-09-13
C-01092,review,"TOO LOOSE, LOOKS LIKE A SACK return kar diya",ORD-4592128,SKU-0806,V-08,Jaipur,Kids tees,Age 6,red,,2,2026-09-08
C-01941,return,"size bada nikla, ek size chhota mangwana pada",ORD-4630561,SKU-1113,V-11,Tiruppur,Kurtas,S,mustrd,Other,,2026-08-27
C-01384,review,JAISA SOCHA THA WAISA NAHI NIKLA plz jaldi refund karo,ORD-4582266,SKU-1919,V-19,Tiruppur,Leggings,Medium,mustrd,,1,2026-09-24
C-01681,review,"short hai, function me nahi pehen sakti refund chahiye",ORD-4173632,SKU-2304,V-23,Tiruppur,Palazzo,S,black,,1,2026-08-27
C-00386,return,baju bhot tight hai plz jaldi refund karo,ORD-4471321,SKU-0213,V-02,Jaipur,Kurtis,Large,red,Other,,2026-09-08
C-01219,return,"kamar pe tight hai, saans nahi aati plz jaldi refund karo",ORD-4769461,SKU-1807,V-18,Tiruppur,Leggings,S,maroon,Other,,2026-09-24
C-01295,return,"bohot dheela hai, hang ho raha yaar",ORD-4958185,SKU-1910,V-19,Tiruppur,Leggings,X-Large,mustard,Other,,2026-09-22
C-01365,return,galti se order ho gaya tha 👎,ORD-4482543,SKU-1917,V-19,Tiruppur,Leggings,Large,laal,Other,,2026-09-01
C-01662,return,"length zyada hai, katwana padega plz jaldi refund karo",ORD-4453805,SKU-2307,V-23,Tiruppur,Palazzo,L,mehroon,Other,,2026-08-26
C-00896,return,"too loose, looks like a sack 👎",ORD-4818807,SKU-0303,V-03,Tiruppur,Kids tees,2-3 yrs,nevy,Other,,2026-09-28
C-00037,return,"too tight on the chest, had to return",ORD-4900910,SKU-0708,V-07,Tiruppur,Kurtis,42,maroon,Other,,2026-09-08
C-00567,review,"arrived after the wedding, no use now plz jaldi refund karo",ORD-4964229,SKU-1212,V-12,Jaipur,Dresses,Small,mustard,,2,2026-09-20
C-00285,review,"rang halka hai, website pe dark tha paisa waste",ORD-4200393,SKU-0108,V-01,Tiruppur,Kurtis,L,mustard,,1,2026-08-27
C-01741,return,"pic me maroon tha, ye to laal hai return kar diya",ORD-4752015,SKU-2306,V-23,Tiruppur,Palazzo,L,red,Other,,2026-09-08
C-01671,return,"साइज़ छोटा है, बहुत टाइट है 👎",ORD-4471479,SKU-2311,V-23,Tiruppur,Palazzo,S,peach,Other,,2026-08-30
C-01153,review,packet khula hua aaya tha,ORD-4621564,SKU-0804,V-08,Jaipur,Kids tees,Age 4,Maroon ,,2,2026-10-03
C-01747,return,dhone pe rang nikal gaya aur sikud gaya,ORD-4914479,SKU-2303,V-23,Tiruppur,Palazzo,L,maroon,Other,,2026-09-07
C-01297,review,"short hai, function me nahi pehen sakti paisa waste",ORD-4828817,SKU-1920,V-19,Tiruppur,Leggings,Medium,black,,1,2026-09-12
C-00995,review,"BUST PE BHOT TITE, RETURN KAR DIYA 👎",ORD-4999281,SKU-0405,V-04,Tiruppur,Kids tees,6Y,Navy Blue,,3,2026-09-02
C-01696,review,"baju lambi hai, mod ke pehenna padta refund chahiye",ORD-4602757,SKU-2317,V-23,Tiruppur,Palazzo,M,navy,,1,2026-09-26
C-01007,review,"gift ke liye liya tha, zaroorat nahi rahi plz jaldi refund karo",ORD-4491961,SKU-0420,V-04,Tiruppur,Kids tees,2Y,mehroon,,1,2026-09-09
C-01625,review,wapas kar diya bas refund chahiye,ORD-4192572,SKU-2201,V-22,Jaipur,Palazzo,38,pink,,2,2026-09-07
C-00040,return,kapda patla hai aur dheela bhi hai paisa waste,ORD-4397246,SKU-0715,V-07,Tiruppur,Kurtis,40,mustrd,Other,,2026-09-12
C-01994,review,colour alag hai photo se plz jaldi refund karo,ORD-4172202,SKU-1115,V-11,Tiruppur,Kurtas,XL,black,,1,2026-09-15
C-01687,return,LENGTH IS TOO SHORT FOR ME,ORD-4404302,SKU-2301,V-23,Tiruppur,Palazzo,M,Navy Blue,Other,,2026-08-28
C-00355,return,BAJU BAHUT TITE HAI,ORD-4497372,SKU-0211,V-02,Jaipur,Kurtis,X-Large,laal,Other,,2026-09-14
C-00724,return,"LENGTH BHOT KAM HAI, PHOTO ME LAMBA DIKH RAHA THA 👎",ORD-4713464,SKU-0619,V-06,Jaipur,Dresses,38,Navy Blue,Other,,2026-08-24
C-00130,review,"bust pe bhot tight, return kar diya paisa waste",ORD-4190611,SKU-0705,V-07,Tiruppur,Kurtis,38,Black,,1,2026-09-10
C-00710,return,colour alag hai photo se plz jaldi refund karo,ORD-4421475,SKU-0517,V-05,Tiruppur,Dresses,L,laal,Other,,2026-09-17
C-01349,review,"tag nahi tha, used lag raha tha plz jaldi refund karo",ORD-4280099,SKU-1910,V-19,Tiruppur,Leggings,Medium,black,,2,2026-08-31
C-00952,review,"length bhot kam hai, photo me lamba dikh raha tha",ORD-4989661,SKU-0411,V-04,Tiruppur,Kids tees,2Y,Black,,2,2026-09-19
C-00857,return,"bahut dheela hai, hang ho raha",ORD-4965244,SKU-0302,V-03,Tiruppur,Kids tees,4-5 yrs,Black,Other,,2026-09-06
C-00021,return,cut sahi nahi baithta body pe paisa waste,ORD-4757071,SKU-0707,V-07,Tiruppur,Kurtis,40,mustard,Other,,2026-09-11
C-00019,review,"bust pe bahut tite, return kar diya 👎",ORD-4816945,SKU-0718,V-07,Tiruppur,Kurtis,40,maroon,,2,2026-09-23
C-00024,return,"too tight on the chest, had to return plz jaldi refund karo",ORD-4973696,SKU-0709,V-07,Tiruppur,Kurtis,42,blk,Other,,2026-10-02
C-01353,return,"pic me maroon tha, ye to laal hai",ORD-4679650,SKU-1911,V-19,Tiruppur,Leggings,Large,black,Other,,2026-09-04
C-01804,review,"too tight on the chest, had to return plz jaldi refund karo",ORD-4185239,SKU-0909,V-09,Jaipur,Kurtas,Medium,nevy,,3,2026-09-06
C-01166,return,dusra pasand aa gaya isliye wapas paisa waste,ORD-4110150,SKU-0817,V-08,Jaipur,Kids tees,Age 2,pink,Other,,2026-08-30
C-01961,review,dhone pe rang nikal gaya aur sikud gaya refund chahiye,ORD-4383638,SKU-1107,V-11,Tiruppur,Kurtas,S,MRN,,1,2026-09-15
C-01374,return,dhone pe rang nikal gaya aur sikud gaya 👎,ORD-4360871,SKU-1915,V-19,Tiruppur,Leggings,Small,Maroon ,Other,,2026-09-13
C-00680,return,galti se order ho gaya tha,ORD-4687315,SKU-0514,V-05,Tiruppur,Dresses,M,pink,Other,,2026-09-11
C-01825,return,,ORD-4127330,SKU-0920,V-09,Jaipur,Kurtas,Small,red,Other,,2026-09-22
C-01683,return,"bhot lamba hai, zameen pe lag raha refund chahiye",ORD-4668883,SKU-2310,V-23,Tiruppur,Palazzo,L,pink,Other,,2026-08-24
C-00558,return,GHUTNE SE UPAR AA RAHA HAI paisa waste,ORD-4233996,SKU-1201,V-12,Jaipur,Dresses,X-Large,Navy Blue,Other,,2026-09-26
C-01931,return,"length zyada hai, katwana padega",ORD-4002161,SKU-1118,V-11,Tiruppur,Kurtas,XL,blk,Other,,2026-09-07
C-01156,return,??,ORD-4390276,SKU-0807,V-08,Jaipur,Kids tees,Age 2,pink,Other,,2026-08-30
C-00571,return,"DELIVERY BOHOT DER SE HUI, AB ZAROORAT NAHI paisa waste",ORD-4651207,SKU-1215,V-12,Jaipur,Dresses,X-Large,pink,Other,,2026-09-16
C-01698,review,"baju lambi hai, mod ke pehenna padta refund chahiye",ORD-4672083,SKU-2319,V-23,Tiruppur,Palazzo,M,MRN,,2,2026-09-14
C-00764,review,"too tight on the chest, had to return return kar diya",ORD-4849793,SKU-0611,V-06,Jaipur,Dresses,38,mustrd,,2,2026-08-29
C-00234,review,"SHOULDER SE UTAR RAHA HAI, BADA HAI",ORD-4193539,SKU-0106,V-01,Tiruppur,Kurtis,XL,MRN,,1,2026-08-26
C-01053,review,"fabric cheap lagta hai, photo jaisa nahi plz jaldi refund karo",ORD-4241103,SKU-0402,V-04,Tiruppur,Kids tees,6Y,maroon,,1,2026-08-24
C-00469,return,"short hai, function me nahi pehen sakti plz jaldi refund karo",ORD-4248942,SKU-1203,V-12,Jaipur,Dresses,Small,nevy,Other,,2026-09-27
C-01495,review,"कपड़ा बहुत पतला है, घटिया क्वालिटी",ORD-4680094,SKU-2014,V-20,Jaipur,Leggings,M,navy,,1,2026-10-02
C-00889,review,"kamar pe loose hai, baaki theek 👎",ORD-4144095,SKU-0317,V-03,Tiruppur,Kids tees,6-7 yrs,red,,2,2026-08-26
C-00010,review,"length bohot kam hai, photo me lamba dikh raha tha return kar diya",ORD-4411519,SKU-0709,V-07,Tiruppur,Kurtis,38,red,,2,2026-09-27
C-01240,return,wapas kar diya bas return kar diya,ORD-4339795,SKU-1809,V-18,Tiruppur,Leggings,L,maroon,Other,,2026-10-02
C-01703,review,"galat product aaya, maine ye nahi mangwaya",ORD-4672557,SKU-2307,V-23,Tiruppur,Palazzo,L,mustrd,,3,2026-09-11
C-00815,return,"delivery bhot der se hui, ab zaroorat nahi yaar",ORD-4221843,SKU-0615,V-06,Jaipur,Dresses,42,Black,Other,,2026-09-11
C-01907,return,"size chotta hai, M bhi tite lag raha 👎",ORD-4236438,SKU-1120,V-11,Tiruppur,Kurtas,M,red,Other,,2026-09-08
C-01938,return,"too loose, looks like a sack plz jaldi refund karo",ORD-4434642,SKU-1107,V-11,Tiruppur,Kurtas,M,pink,Other,,2026-09-15
C-01493,review,??,ORD-4983542,SKU-2013,V-20,Jaipur,Leggings,S,maroon,,2,2026-10-01
C-01888,return,"shoulder se utar raha hai, bada hai paisa waste",ORD-4293110,SKU-1113,V-11,Tiruppur,Kurtas,XL,mustard,Other,,2026-09-12
C-00547,return,"baju chhoti hai, kalai tak nahi aati 👎",ORD-4143938,SKU-1209,V-12,Jaipur,Dresses,Medium,maroon,Other,,2026-08-25
C-00884,return,"LENGTH ZYADA HAI, KATWANA PADEGA",ORD-4078106,SKU-0315,V-03,Tiruppur,Kids tees,2-3 yrs,Black,Other,,2026-09-03
C-02027,return,LENGTH IS TOO SHORT FOR ME 👎,ORD-4031836,SKU-1112,V-11,Tiruppur,Kurtas,XL,pink,Other,,2026-08-27
C-01165,return,stitching is poor and thread coming out yaar,ORD-4823134,SKU-0811,V-08,Jaipur,Kids tees,Age 6,navy,Other,,2026-09-03
C-00711,return,"arrived after the wedding, no use now",ORD-4870365,SKU-0503,V-05,Tiruppur,Dresses,M,black,Other,,2026-09-20
C-01954,review,"DELIVERY BAHUT DER SE HUI, AB ZAROORAT NAHI yaar",ORD-4051638,SKU-1116,V-11,Tiruppur,Kurtas,M,Maroon ,,3,2026-09-15
C-00569,review,"rang halka hai, website pe dark tha",ORD-4559084,SKU-1203,V-12,Jaipur,Dresses,X-Large,navy,,2,2026-09-18
C-00292,return,"कपड़ा बहुत पतला है, घटिया क्वालिटी yaar",ORD-4511704,SKU-0120,V-01,Tiruppur,Kurtis,S,nevy,Other,,2026-09-03
C-00256,review,"SIZE CHHOTA HAI, S BHI TITE LAG RAHA",ORD-4326592,SKU-0118,V-01,Tiruppur,Kurtis,S,peach,,2,2026-09-22
C-01568,review,"LENGTH ZYADA HAI, KATWANA PADEGA yaar",ORD-4575850,SKU-2201,V-22,Jaipur,Palazzo,36,MRN,,1,2026-09-28
C-01442,review,"too tight on the chest, had to return",ORD-4944790,SKU-2008,V-20,Jaipur,Leggings,S,MRN,,3,2026-09-13
C-00091,return,"CHEST PE FIT NAHI AA RAHA, CHHOTA HAI 👎",ORD-4983408,SKU-0706,V-07,Tiruppur,Kurtis,42,Black,Other,,2026-09-02
C-01615,return,"galat product aaya, maine ye nahi mangwaya",ORD-4825179,SKU-2213,V-22,Jaipur,Palazzo,42,maroon,Other,,2026-09-24
C-01516,return,"fitting ajeeb hai, shape theek nahi",ORD-4068185,SKU-2203,V-22,Jaipur,Palazzo,36,MRN,Other,,2026-09-06
C-00347,review,"baju chhoti hai, kalai tak nahi aati",ORD-4749180,SKU-0213,V-02,Jaipur,Kurtis,X-Large,mehroon,,2,2026-09-14
C-02006,review,"shoulder se utar raha hai, bada hai plz jaldi refund karo",ORD-4068578,SKU-2208,V-22,Jaipur,Palazzo,40,MRN,,1,2026-10-03
C-00283,return,"kapda patla hai, ek dhulai me kharab ho gaya yaar",ORD-4693987,SKU-0115,V-01,Tiruppur,Kurtis,M,black,Other,,2026-08-30
C-01121,review,wapas kar diya bas,ORD-4828398,SKU-0804,V-08,Jaipur,Kids tees,Age 2,Maroon ,,1,2026-09-06
C-01658,return,"too tight on the chest, had to return plz jaldi refund karo",ORD-4437676,SKU-2301,V-23,Tiruppur,Palazzo,XL,red,Other,,2026-09-27
C-01788,return,kapda patla hai aur dheela bhi hai yaar,ORD-4784643,SKU-0916,V-09,Jaipur,Kurtas,Large,Maroon ,Other,,2026-09-05
C-00339,return,"shoulder se tight hai, haath nahi uthta return kar diya",ORD-4569859,SKU-0219,V-02,Jaipur,Kurtis,Large,maroon,Other,,2026-09-23
C-01019,review,stitching is poor and thread coming out,ORD-4602291,SKU-0410,V-04,Tiruppur,Kids tees,4Y,Black,,2,2026-09-27
C-01073,review,"bust pe bohot tite, return kar diya",ORD-4998564,SKU-0817,V-08,Jaipur,Kids tees,Age 6,mehroon,,2,2026-10-02
C-01302,review,bacche ko bohot dheela hai return kar diya,ORD-4754600,SKU-1909,V-19,Tiruppur,Leggings,X-Large,nevy,,1,2026-09-13
C-01707,return,stitching is poor and thread coming out,ORD-4309679,SKU-2306,V-23,Tiruppur,Palazzo,S,navy,Other,,2026-09-04
C-00890,review,"fitting ajeeb hai, shape theek nahi return kar diya",ORD-4777041,SKU-0305,V-03,Tiruppur,Kids tees,4-5 yrs,laal,,3,2026-09-04
C-01091,return,baju bahut tite hai,ORD-4978649,SKU-0816,V-08,Jaipur,Kids tees,Age 8,Maroon ,Other,,2026-10-01
C-00077,review,"bust pe bhot tite, return kar diya 👎",ORD-4630770,SKU-0708,V-07,Tiruppur,Kurtis,36,blk,,1,2026-08-28
C-00817,return,"arrived after the wedding, no use now 👎",ORD-4448038,SKU-0603,V-06,Jaipur,Dresses,40,Navy Blue,Other,,2026-09-23
C-00840,return,bacche ko bhot dheela hai return kar diya,ORD-4848770,SKU-0309,V-03,Tiruppur,Kids tees,8-9 yrs,laal,Other,,2026-09-30
C-00895,return,"बहुत ढीला है, बड़ा साइज़ आ गया yaar",ORD-4064391,SKU-0312,V-03,Tiruppur,Kids tees,6-7 yrs,black,Other,,2026-09-20
C-01221,return,SILAI KHUL GAYI PEHLE HI DIN,ORD-4161183,SKU-1805,V-18,Tiruppur,Leggings,L,mehroon,Other,,2026-09-23
C-00664,return,stitching is poor and thread coming out,ORD-4584866,SKU-0516,V-05,Tiruppur,Dresses,L,Navy Blue,Other,,2026-08-26
C-01818,return,"kamar pe loose hai, baaki theek plz jaldi refund karo",ORD-4711094,SKU-0909,V-09,Jaipur,Kurtas,X-Large,mustard,Other,,2026-09-22
C-00945,return,"length bohot kam hai, photo me lamba dikh raha tha return kar diya",ORD-4316002,SKU-0415,V-04,Tiruppur,Kids tees,4Y,pink,Other,,2026-09-18
C-01621,return,stitching is poor and thread coming out refund chahiye,ORD-4018086,SKU-2212,V-22,Jaipur,Palazzo,38,maroon,Other,,2026-09-15
C-01167,return,dusra pasand aa gaya isliye wapas,ORD-4583390,SKU-0817,V-08,Jaipur,Kids tees,Age 4,Maroon ,Other,,2026-08-24
C-01467,review,dhone pe rang nikal gaya aur sikud gaya paisa waste,ORD-4395202,SKU-2020,V-20,Jaipur,Leggings,XL,mustrd,,1,2026-10-03
C-00930,return,"कपड़ा बहुत पतला है, घटिया क्वालिटी 👎",ORD-4615573,SKU-0320,V-03,Tiruppur,Kids tees,6-7 yrs,blk,Other,,2026-09-09
C-00421,return,"late aaya, function nikal gaya yaar",ORD-4574515,SKU-0215,V-02,Jaipur,Kurtis,Small,Maroon ,Other,,2026-08-24
C-00160,return,length is too short for me,ORD-4898923,SKU-0705,V-07,Tiruppur,Kurtis,40,Navy Blue,Other,,2026-08-26
C-00794,return,"pic me maroon tha, ye to laal hai",ORD-4877820,SKU-0605,V-06,Jaipur,Dresses,36,mustard,Other,,2026-09-05
C-00427,return,"कपड़ा बहुत पतला है, घटिया क्वालिटी plz jaldi refund karo",ORD-4479913,SKU-0212,V-02,Jaipur,Kurtis,Small,peach,Other,,2026-09-28
C-00776,review,"kamar pe tight hai, saans nahi aati",ORD-4268516,SKU-0617,V-06,Jaipur,Dresses,38,peach,,2,2026-09-28
C-00564,return,DHONE PE RANG NIKAL GAYA AUR SIKUD GAYA,ORD-4813076,SKU-1218,V-12,Jaipur,Dresses,Medium,red,Other,,2026-09-09
C-00553,return,"baju chhoti hai, kalai tak nahi aati 👎",ORD-4613529,SKU-1215,V-12,Jaipur,Dresses,Large,Navy Blue,Other,,2026-08-26
C-00501,return,"baju chhoti hai, kalai tak nahi aati plz jaldi refund karo",ORD-4871616,SKU-1218,V-12,Jaipur,Dresses,X-Large,Navy Blue,Other,,2026-09-05
C-00636,return,"बहुत ढीला है, बड़ा साइज़ आ गया return kar diya",ORD-4954541,SKU-0501,V-05,Tiruppur,Dresses,S,blk,Other,,2026-09-18
C-00946,return,"fitting ajeeb hai, shape theek nahi plz jaldi refund karo",ORD-4764625,SKU-0419,V-04,Tiruppur,Kids tees,4Y,navy,Other,,2026-09-22
C-00297,return,dhone pe rang nikal gaya aur sikud gaya plz jaldi refund karo,ORD-4909346,SKU-0120,V-01,Tiruppur,Kurtis,L,mustrd,Other,,2026-10-02
C-00699,review,"pic me maroon tha, ye to laal hai return kar diya",ORD-4296395,SKU-0504,V-05,Tiruppur,Dresses,M,red,,1,2026-09-23
C-01691,review,"length zyada hai, katwana padega plz jaldi refund karo",ORD-4474190,SKU-2312,V-23,Tiruppur,Palazzo,L,Black,,3,2026-10-02
C-01451,review,"chest pe fit nahi aa raha, chhota hai paisa waste",ORD-4138401,SKU-2001,V-20,Jaipur,Leggings,M,maroon,,1,2026-09-19
C-01977,return,"gift ke liye liya tha, zaroorat nahi rahi plz jaldi refund karo",ORD-4425649,SKU-1110,V-11,Tiruppur,Kurtas,S,red,Other,,2026-08-25
C-00437,return,packet khula hua aaya tha 👎,ORD-4752912,SKU-0201,V-02,Jaipur,Kurtis,Large,red,Other,,2026-09-23
C-01058,return,"bust pe bohot tight, return kar diya",ORD-4564535,SKU-0806,V-08,Jaipur,Kids tees,Age 4,nevy,Other,,2026-09-06
C-01905,return,LENGTH IS TOO SHORT FOR ME 👎,ORD-4031836,SKU-1112,V-11,Tiruppur,Kurtas,XL,pink,Other,,2026-08-27
C-01235,return,"tag nahi tha, used lag raha tha refund chahiye",ORD-4941764,SKU-1803,V-18,Tiruppur,Leggings,L,mustrd,Other,,2026-10-01
C-00743,return,baju bahut tight hai 👎,ORD-4573568,SKU-0619,V-06,Jaipur,Dresses,40,mustard,Other,,2026-10-04
C-00669,review,"kapda patla hai, ek dhulai me kharab ho gaya return kar diya",ORD-4358207,SKU-0510,V-05,Tiruppur,Dresses,XL,mehroon,,1,2026-08-30
C-00871,review,"shoulder se utar raha hai, bada hai paisa waste",ORD-4530116,SKU-0307,V-03,Tiruppur,Kids tees,4-5 yrs,black,,1,2026-09-03
C-00203,return,kalar alag hai photo se 👎,ORD-4562819,SKU-0710,V-07,Tiruppur,Kurtis,36,nevy,Other,,2026-09-11
C-01661,return,"fitting sahi nahi, ek size bada lena padega",ORD-4602708,SKU-2309,V-23,Tiruppur,Palazzo,L,peach,Other,,2026-10-02
C-00078,review,"chest pe fit nahi aa raha, chhota hai refund chahiye",ORD-4441604,SKU-0706,V-07,Tiruppur,Kurtis,40,mehroon,,2,2026-09-25
C-01508,review,,ORD-4686848,SKU-2006,V-20,Jaipur,Leggings,XL,nevy,,1,2026-08-24
C-01378,return,"fabric cheap lagta hai, photo jaisa nahi 👎",ORD-4876396,SKU-1906,V-19,Tiruppur,Leggings,Medium,mehroon,Other,,2026-08-30
C-00261,return,"kamar pe loose hai, baaki theek refund chahiye",ORD-4597978,SKU-0114,V-01,Tiruppur,Kurtis,XL,mehroon,Other,,2026-09-21
C-01783,return,"too tight on the chest, had to return",ORD-4646740,SKU-0912,V-09,Jaipur,Kurtas,X-Large,black,Other,,2026-09-19
C-01962,review,"कपड़ा बहुत पतला है, घटिया क्वालिटी yaar",ORD-4522725,SKU-1117,V-11,Tiruppur,Kurtas,S,blk,,1,2026-09-18
C-01005,return,color is different from the picture yaar,ORD-4071972,SKU-0412,V-04,Tiruppur,Kids tees,8Y,MRN,Other,,2026-09-23
C-00079,return,"short hai, function me nahi pehen sakti refund chahiye",ORD-4381883,SKU-0705,V-07,Tiruppur,Kurtis,40,Navy Blue,Other,,2026-09-06
C-01155,review,dhone pe rang nikal gaya aur sikud gaya,ORD-4531743,SKU-0801,V-08,Jaipur,Kids tees,Age 2,blk,,3,2026-08-24
C-01450,return,length is too short for me plz jaldi refund karo,ORD-4065272,SKU-2014,V-20,Jaipur,Leggings,L,black,Other,,2026-08-30
C-01208,return,"too loose, looks like a sack refund chahiye",ORD-4690581,SKU-1820,V-18,Tiruppur,Leggings,S,peach,Other,,2026-10-03
C-01834,review,kalar alag hai photo se return kar diya,ORD-4000028,SKU-0905,V-09,Jaipur,Kurtas,Large,Maroon ,,1,2026-09-05
C-01118,return,"बहुत ढीला है, बड़ा साइज़ आ गया",ORD-4493071,SKU-0809,V-08,Jaipur,Kids tees,Age 6,mustrd,Other,,2026-09-24
C-01744,return,COLOUR ALAG HAI PHOTO SE refund chahiye,ORD-4173220,SKU-2302,V-23,Tiruppur,Palazzo,L,peach,Other,,2026-10-04
C-00397,review,"bust pe bhot tite, return kar diya",ORD-4696923,SKU-0206,V-02,Jaipur,Kurtis,X-Large,Maroon ,,1,2026-08-25
C-01269,review,"bust pe bahut tight, return kar diya",ORD-4482863,SKU-1920,V-19,Tiruppur,Leggings,Small,black,,1,2026-09-20
C-01145,review,dusra pasand aa gaya isliye wapas,ORD-4374395,SKU-0808,V-08,Jaipur,Kids tees,Age 4,mustard,,1,2026-09-24
C-00923,return,"pic me maroon tha, ye to laal hai",ORD-4492817,SKU-0315,V-03,Tiruppur,Kids tees,8-9 yrs,mehroon,Other,,2026-08-24
C-00080,return,"fitting sahi nahi, ek size bada lena padega 👎",ORD-4862535,SKU-0706,V-07,Tiruppur,Kurtis,42,navy,Other,,2026-09-23
C-01526,return,"baju chhoti hai, kalai tak nahi aati paisa waste",ORD-4403779,SKU-2214,V-22,Jaipur,Palazzo,42,Black,Other,,2026-10-03
C-01540,review,"shoulder se utar raha hai, bada hai plz jaldi refund karo",ORD-4068578,SKU-2208,V-22,Jaipur,Palazzo,40,MRN,,1,2026-10-03
C-00190,return,silai khul gayi pehle hi din yaar,ORD-4233368,SKU-0711,V-07,Tiruppur,Kurtis,42,black,Other,,2026-10-04
C-00965,review,"size bada nikla, ek size chhota mangwana pada yaar",ORD-4517310,SKU-0420,V-04,Tiruppur,Kids tees,8Y,maroon,,3,2026-09-17
C-01654,return,ghutne se upar aa raha hai,ORD-4647408,SKU-2315,V-23,Tiruppur,Palazzo,L,nevy,Other,,2026-09-08
C-00809,return,color is different from the picture return kar diya,ORD-4443043,SKU-0618,V-06,Jaipur,Dresses,42,Maroon ,Other,,2026-09-09
C-01369,return,"galat product aaya, maine ye nahi mangwaya yaar",ORD-4276864,SKU-1906,V-19,Tiruppur,Leggings,Large,mehroon,Other,,2026-09-24
C-00500,return,length is too short for me,ORD-4991071,SKU-1204,V-12,Jaipur,Dresses,Large,peach,Other,,2026-09-26
C-01935,return,"kamar pe loose hai, baaki theek",ORD-4975080,SKU-1114,V-11,Tiruppur,Kurtas,M,maroon,Other,,2026-09-30
C-00307,return,"kapda patla hai, ek dhulai me kharab ho gaya yaar",ORD-4721358,SKU-0115,V-01,Tiruppur,Kurtis,S,laal,Other,,2026-09-19
C-00066,return,"too tight on the chest, had to return yaar",ORD-4190865,SKU-0712,V-07,Tiruppur,Kurtis,42,peach,Other,,2026-09-28
C-00345,return,"kamar pe loose hai, baaki theek paisa waste",ORD-4745928,SKU-0201,V-02,Jaipur,Kurtis,Small,red,Other,,2026-08-25
C-00454,return,COLOR IS DIFFERENT FROM THE PICTURE paisa waste,ORD-4535844,SKU-0208,V-02,Jaipur,Kurtis,Small,maroon,Other,,2026-09-08
C-01889,return,baju bhot tite hai paisa waste,ORD-4506289,SKU-1117,V-11,Tiruppur,Kurtas,M,laal,Other,,2026-08-30
C-01643,return,"size bada nikla, ek size chhota mangwana pada yaar",ORD-4627958,SKU-2318,V-23,Tiruppur,Palazzo,M,mustard,Other,,2026-09-23
C-01518,review,length is too short for me,ORD-4754980,SKU-2212,V-22,Jaipur,Palazzo,38,mustard,,3,2026-09-23
C-01040,review,silai khul gayi pehle hi din refund chahiye,ORD-4941296,SKU-0401,V-04,Tiruppur,Kids tees,6Y,nevy,,1,2026-09-08
C-00650,return,"बहुत ढीला है, बड़ा साइज़ आ गया plz jaldi refund karo",ORD-4904323,SKU-0507,V-05,Tiruppur,Dresses,XL,black,Other,,2026-10-02
C-01473,return,"galat product aaya, maine ye nahi mangwaya refund chahiye",ORD-4777722,SKU-2009,V-20,Jaipur,Leggings,M,blk,Other,,2026-09-06
C-01545,review,"बहुत ढीला है, बड़ा साइज़ आ गया return kar diya",ORD-4077083,SKU-2213,V-22,Jaipur,Palazzo,38,nevy,,1,2026-08-25
C-01832,return,color is different from the picture,ORD-4945551,SKU-0915,V-09,Jaipur,Kurtas,Large,black,Other,,2026-09-04
C-00918,review,"galat product aaya, maine ye nahi mangwaya",ORD-4966847,SKU-0318,V-03,Tiruppur,Kids tees,8-9 yrs,pink,,1,2026-09-14
C-00504,review,"short hai, function me nahi pehen sakti",ORD-4417832,SKU-1208,V-12,Jaipur,Dresses,Medium,Black,,3,2026-09-21
C-00738,review,"bust pe bhot tight, return kar diya yaar",ORD-4585190,SKU-0620,V-06,Jaipur,Dresses,38,Black,,1,2026-08-30
C-00316,return,silai khul gayi pehle hi din yaar,ORD-4073366,SKU-0114,V-01,Tiruppur,Kurtis,L,blk,Other,,2026-08-25
C-01934,review,"size chhota hai, L bhi tight lag raha paisa waste",ORD-4524174,SKU-1114,V-11,Tiruppur,Kurtas,L,MRN,,2,2026-09-25
C-00696,review,color is different from the picture yaar,ORD-4561851,SKU-0509,V-05,Tiruppur,Dresses,M,Maroon ,,1,2026-09-12
C-01043,review,packet khula hua aaya tha yaar,ORD-4264288,SKU-0415,V-04,Tiruppur,Kids tees,8Y,mustrd,,2,2026-10-03
C-01355,return,stitching is poor and thread coming out refund chahiye,ORD-4836322,SKU-1903,V-19,Tiruppur,Leggings,Small,MRN,Other,,2026-09-13
C-00120,return,"chest pe fit nahi aa raha, chhota hai paisa waste",ORD-4080290,SKU-0702,V-07,Tiruppur,Kurtis,40,laal,Other,,2026-09-13
C-00329,return,"gift ke liye liya tha, zaroorat nahi rahi 👎",ORD-4077804,SKU-0109,V-01,Tiruppur,Kurtis,S,red,Other,,2026-09-30
C-00186,review,packet khula hua aaya tha return kar diya,ORD-4856429,SKU-0712,V-07,Tiruppur,Kurtis,40,peach,,1,2026-08-24
C-00291,review,"kapda patla hai, ek dhulai me kharab ho gaya",ORD-4721094,SKU-0114,V-01,Tiruppur,Kurtis,M,Black,,2,2026-09-26
C-00229,return,"too tight on the chest, had to return",ORD-4767922,SKU-0110,V-01,Tiruppur,Kurtis,S,black,Other,,2026-09-19
C-00597,return,baju bhot tight hai plz jaldi refund karo,ORD-4120081,SKU-0519,V-05,Tiruppur,Dresses,M,Navy Blue,Other,,2026-10-01
C-01226,return,"kapda patla hai, ek dhulai me kharab ho gaya",ORD-4464469,SKU-1803,V-18,Tiruppur,Leggings,XL,black,Other,,2026-09-21
C-02023,return,length is too short for me,ORD-4886368,SKU-0909,V-09,Jaipur,Kurtas,Medium,pink,Other,,2026-09-11
C-01869,review,"कपड़ा बहुत पतला है, घटिया क्वालिटी paisa waste",ORD-4903994,SKU-0909,V-09,Jaipur,Kurtas,Medium,mustard,,1,2026-10-01
C-01780,review,"SHOULDER SE UTAR RAHA HAI, BADA HAI",ORD-4701410,SKU-0901,V-09,Jaipur,Kurtas,Small,peach,,2,2026-09-03
C-00972,return,"shoulder se utar raha hai, bada hai refund chahiye",ORD-4188067,SKU-0419,V-04,Tiruppur,Kids tees,4Y,MRN,Other,,2026-09-12
C-00085,return,"rang alag hai, upar se bust pe tight yaar",ORD-4747321,SKU-0718,V-07,Tiruppur,Kurtis,40,Navy Blue,Other,,2026-09-16
C-00944,review,"bhot lamba hai, zameen pe lag raha 👎",ORD-4955083,SKU-0416,V-04,Tiruppur,Kids tees,4Y,Navy Blue,,1,2026-09-01
C-01032,review,"pic me maroon tha, ye to laal hai",ORD-4455614,SKU-0407,V-04,Tiruppur,Kids tees,8Y,Navy Blue,,1,2026-09-09
C-00042,return,"साइज़ छोटा है, बहुत टाइट है 👎",ORD-4380983,SKU-0714,V-07,Tiruppur,Kurtis,42,Black,Other,,2026-09-28
C-00007,return,"fitting ajeeb hai, shape theek nahi",ORD-4578557,SKU-0706,V-07,Tiruppur,Kurtis,42,pink,Other,,2026-09-10
C-01057,review,"kamar pe loose hai, baaki theek paisa waste",ORD-4562656,SKU-0817,V-08,Jaipur,Kids tees,Age 4,MRN,,2,2026-09-11
C-00807,return,"delivery bhot der se hui, ab zaroorat nahi",ORD-4209614,SKU-0609,V-06,Jaipur,Dresses,38,nevy,Other,,2026-08-30
C-01842,review,"late aaya, function nikal gaya paisa waste",ORD-4248734,SKU-0901,V-09,Jaipur,Kurtas,Large,black,,1,2026-09-05
C-01440,return,"BAHUT LAMBA HAI, ZAMEEN PE LAG RAHA 👎",ORD-4054831,SKU-2003,V-20,Jaipur,Leggings,S,mustard,Other,,2026-09-15
C-00814,return,stitching is poor and thread coming out yaar,ORD-4369979,SKU-0615,V-06,Jaipur,Dresses,36,mustard,Other,,2026-09-11
C-00289,review,color alag hai photo se,ORD-4991821,SKU-0118,V-01,Tiruppur,Kurtis,M,Black,,2,2026-09-04
C-01446,review,"size bada nikla, ek size chhota mangwana pada paisa waste",ORD-4694064,SKU-2020,V-20,Jaipur,Leggings,L,pink,,1,2026-08-25
C-01335,return,stitching is poor and thread coming out return kar diya,ORD-4466285,SKU-1912,V-19,Tiruppur,Leggings,Medium,Navy Blue,Other,,2026-09-27
C-00043,return,"SHOULDER SE TITE HAI, HAATH NAHI UTHTA",ORD-4997438,SKU-0711,V-07,Tiruppur,Kurtis,42,maroon,Other,,2026-08-24
C-00128,review,"fitting ajeeb hai, shape theek nahi",ORD-4153477,SKU-0718,V-07,Tiruppur,Kurtis,40,maroon,,2,2026-09-22
C-01816,return,"baju lambi hai, mod ke pehenna padta refund chahiye",ORD-4040750,SKU-0905,V-09,Jaipur,Kurtas,Medium,MRN,Other,,2026-09-06
C-02002,return,"kamar pe loose hai, baaki theek return kar diya",ORD-4080489,SKU-0309,V-03,Tiruppur,Kids tees,8-9 yrs,blk,Other,,2026-09-17
C-01426,return,"TOO TITE ON THE CHEST, HAD TO RETURN",ORD-4952139,SKU-2002,V-20,Jaipur,Leggings,M,black,Other,,2026-10-01
C-00854,return,"SIZE BADA NIKLA, EK SIZE CHHOTA MANGWANA PADA paisa waste",ORD-4043743,SKU-0309,V-03,Tiruppur,Kids tees,4-5 yrs,blk,Other,,2026-09-03
C-01015,review,"कपड़ा बहुत पतला है, घटिया क्वालिटी",ORD-4778333,SKU-0402,V-04,Tiruppur,Kids tees,6Y,Navy Blue,,2,2026-09-11
C-00830,return,"RANG HALKA HAI, WEBSITE PE DARK THA paisa waste",ORD-4479038,SKU-0605,V-06,Jaipur,Dresses,36,red,Other,,2026-08-25
C-00357,return,"LENGTH ZYADA HAI, KATWANA PADEGA",ORD-4025792,SKU-0202,V-02,Jaipur,Kurtis,Small,laal,Other,,2026-09-21
C-01411,review,"साइज़ छोटा है, बहुत टाइट है",ORD-4739084,SKU-2008,V-20,Jaipur,Leggings,M,mehroon,,1,2026-09-17
C-01445,return,baju bohot tite hai,ORD-4063181,SKU-2016,V-20,Jaipur,Leggings,S,mustrd,Other,,2026-09-25
C-01626,return,"rang halka hai, website pe dark tha paisa waste",ORD-4520318,SKU-2213,V-22,Jaipur,Palazzo,40,Black,Other,,2026-09-09
C-01066,return,"shoulder se tite hai, haath nahi uthta refund chahiye",ORD-4279292,SKU-0814,V-08,Jaipur,Kids tees,Age 8,mustrd,Other,,2026-09-18
C-01924,review,cut sahi nahi baithta body pe,ORD-4309203,SKU-1115,V-11,Tiruppur,Kurtas,XL,nevy,,3,2026-09-04
C-01289,return,"SHOULDER SE UTAR RAHA HAI, BADA HAI",ORD-4863641,SKU-1904,V-19,Tiruppur,Leggings,Large,pink,Other,,2026-09-27
C-00607,return,length is too short for me return kar diya,ORD-4738014,SKU-0503,V-05,Tiruppur,Dresses,M,navy,Other,,2026-09-27
C-01324,return,"too tight on the chest, had to return",ORD-4721680,SKU-1910,V-19,Tiruppur,Leggings,Small,blk,Other,,2026-09-14
C-00733,review,late aaya aur length bhi kam hai yaar,ORD-4314538,SKU-0620,V-06,Jaipur,Dresses,38,Black,,3,2026-09-06
C-01519,review,"length zyada hai, katwana padega plz jaldi refund karo",ORD-4910478,SKU-2210,V-22,Jaipur,Palazzo,36,MRN,,1,2026-08-26
C-00366,return,"bust pe bhot tight, return kar diya refund chahiye",ORD-4067741,SKU-0207,V-02,Jaipur,Kurtis,X-Large,mustrd,Other,,2026-09-26
C-00441,review,"gift ke liye liya tha, zaroorat nahi rahi",ORD-4144534,SKU-0214,V-02,Jaipur,Kurtis,X-Large,Maroon ,,2,2026-09-09
C-01486,return,"kapda patla hai, ek dhulai me kharab ho gaya",ORD-4561344,SKU-2013,V-20,Jaipur,Leggings,S,peach,Other,,2026-08-25
C-01672,return,"shoulder se utar raha hai, bada hai",ORD-4763425,SKU-2313,V-23,Tiruppur,Palazzo,S,Navy Blue,Other,,2026-09-09
C-01149,return,.,ORD-4395531,SKU-0813,V-08,Jaipur,Kids tees,Age 6,laal,Other,,2026-08-28
C-01571,return,"size bada nikla, ek size chhota mangwana pada refund chahiye",ORD-4029141,SKU-2216,V-22,Jaipur,Palazzo,42,red,Other,,2026-09-21
C-00754,return,"bahut dhila hai, hang ho raha plz jaldi refund karo",ORD-4045732,SKU-0617,V-06,Jaipur,Dresses,42,red,Other,,2026-09-28
C-01817,return,"chest pe fit nahi aa raha, chhota hai paisa waste",ORD-4095017,SKU-0908,V-09,Jaipur,Kurtas,X-Large,mehroon,Other,,2026-09-21
C-00385,review,"shoulder se utar raha hai, bada hai",ORD-4923906,SKU-0203,V-02,Jaipur,Kurtis,Large,pink,,1,2026-09-19
C-00839,review,bacche ko bhot dheela hai,ORD-4241158,SKU-0308,V-03,Tiruppur,Kids tees,4-5 yrs,nevy,,1,2026-09-25
C-01821,return,"shoulder se utar raha hai, bada hai yaar",ORD-4035054,SKU-0905,V-09,Jaipur,Kurtas,Large,mehroon,Other,,2026-09-01
C-01274,review,LENGTH IS TOO SHORT FOR ME 👎,ORD-4922337,SKU-1917,V-19,Tiruppur,Leggings,Medium,blk,,2,2026-09-03
C-00414,return,kalar alag hai photo se 👎,ORD-4703774,SKU-0208,V-02,Jaipur,Kurtis,Large,nevy,Other,,2026-08-24
C-00446,return,silai khul gayi pehle hi din 👎,ORD-4692067,SKU-0216,V-02,Jaipur,Kurtis,Small,peach,Other,,2026-08-27
C-01084,review,"baju lambi hai, mod ke pehenna padta refund chahiye",ORD-4057010,SKU-0813,V-08,Jaipur,Kids tees,Age 2,MRN,,3,2026-08-29
C-00337,return,ghutne se upar aa raha hai return kar diya,ORD-4892846,SKU-0213,V-02,Jaipur,Kurtis,Large,Black,Other,,2026-09-03
C-01635,review,color alag hai photo se return kar diya,ORD-4899104,SKU-2215,V-22,Jaipur,Palazzo,40,Maroon ,,1,2026-09-19
C-01590,review,packet khula hua aaya tha,ORD-4302261,SKU-2215,V-22,Jaipur,Palazzo,42,peach,,2,2026-08-27
C-00047,review,"chest pe fit nahi aa raha, chhota hai",ORD-4248166,SKU-0705,V-07,Tiruppur,Kurtis,36,mustrd,,1,2026-09-29
C-00249,return,"baju chhoti hai, kalai tak nahi aati return kar diya",ORD-4223696,SKU-0104,V-01,Tiruppur,Kurtis,XL,nevy,Other,,2026-09-28
C-00867,review,bacche ko bhot dhila hai refund chahiye,ORD-4276816,SKU-0308,V-03,Tiruppur,Kids tees,4-5 yrs,Black,,3,2026-09-17
C-01068,return,"SHOULDER SE TIGHT HAI, HAATH NAHI UTHTA",ORD-4734834,SKU-0811,V-08,Jaipur,Kids tees,Age 4,black,Other,,2026-08-27
C-00377,review,"kamar pe loose hai, baaki theek plz jaldi refund karo",ORD-4898128,SKU-0210,V-02,Jaipur,Kurtis,Small,Navy Blue,,2,2026-09-02
C-00240,review,length is too short for me refund chahiye,ORD-4098542,SKU-0116,V-01,Tiruppur,Kurtis,M,mehroon,,3,2026-09-01
C-00550,return,"short hai, function me nahi pehen sakti plz jaldi refund karo",ORD-4405035,SKU-1218,V-12,Jaipur,Dresses,X-Large,MRN,Other,,2026-09-11
C-00882,return,"SIZE BADA NIKLA, EK SIZE CHHOTA MANGWANA PADA",ORD-4868368,SKU-0316,V-03,Tiruppur,Kids tees,6-7 yrs,mehroon,Other,,2026-09-25
C-01881,return,kapda patla hai aur dheela bhi hai return kar diya,ORD-4681605,SKU-1101,V-11,Tiruppur,Kurtas,M,nevy,Other,,2026-08-28
C-01089,review,"short hai, function me nahi pehen sakti",ORD-4376997,SKU-0817,V-08,Jaipur,Kids tees,Age 8,nevy,,2,2026-08-31
C-00171,review,"साइज़ छोटा है, बहुत टाइट है yaar",ORD-4018543,SKU-0706,V-07,Tiruppur,Kurtis,42,Black,,1,2026-08-29
C-01715,return,"KAPDA PATLA HAI, EK DHULAI ME KHARAB HO GAYA plz jaldi refund karo",ORD-4518536,SKU-2315,V-23,Tiruppur,Palazzo,M,navy,Other,,2026-09-09
C-01452,return,"galat product aaya, maine ye nahi mangwaya return kar diya",ORD-4438276,SKU-2006,V-20,Jaipur,Leggings,XL,maroon,Other,,2026-09-08
C-00570,return,"fabric cheap lagta hai, photo jaisa nahi",ORD-4652491,SKU-1208,V-12,Jaipur,Dresses,Small,mehroon,Other,,2026-09-17
C-01358,review,"kapda patla hai, ek dhulai me kharab ho gaya 👎",ORD-4731478,SKU-1919,V-19,Tiruppur,Leggings,X-Large,MRN,,2,2026-09-22
C-01183,return,"kamar pe loose hai, baaki theek yaar",ORD-4915001,SKU-1808,V-18,Tiruppur,Leggings,L,maroon,Other,,2026-09-24
C-00516,return,late aaya aur length bhi kam hai return kar diya,ORD-4598812,SKU-1215,V-12,Jaipur,Dresses,Medium,mehroon,Other,,2026-09-05
C-00982,review,"size bada nikla, ek size chhota mangwana pada yaar",ORD-4591812,SKU-0416,V-04,Tiruppur,Kids tees,2Y,laal,,3,2026-09-03
C-00979,return,"size chota hai, 8Y bhi tite lag raha plz jaldi refund karo",ORD-4060808,SKU-0401,V-04,Tiruppur,Kids tees,8Y,red,Other,,2026-09-08
C-00155,review,"too tight on the chest, had to return",ORD-4769560,SKU-0714,V-07,Tiruppur,Kurtis,40,MRN,,2,2026-09-26
C-01225,return,stitching is poor and thread coming out paisa waste,ORD-4679071,SKU-1815,V-18,Tiruppur,Leggings,L,nevy,Other,,2026-09-08
C-00378,return,"too loose, looks like a sack paisa waste",ORD-4440962,SKU-0206,V-02,Jaipur,Kurtis,X-Large,black,Other,,2026-09-14
C-00093,return,"chest pe fit nahi aa raha, chhota hai",ORD-4509251,SKU-0708,V-07,Tiruppur,Kurtis,42,mustard,Other,,2026-09-12
C-00955,review,"rang alag hai, upar se bust pe tight",ORD-4616315,SKU-0401,V-04,Tiruppur,Kids tees,6Y,pink,,2,2026-10-03
C-00620,return,"साइज़ छोटा है, बहुत टाइट है",ORD-4116844,SKU-0520,V-05,Tiruppur,Dresses,XL,Maroon ,Other,,2026-08-25
C-01262,return,"fabric cheap lagta hai, photo jaisa nahi yaar",ORD-4377654,SKU-1803,V-18,Tiruppur,Leggings,XL,mustrd,Other,,2026-09-06
C-00279,return,PACKET KHULA HUA AAYA THA,ORD-4950548,SKU-0113,V-01,Tiruppur,Kurtis,L,laal,Other,,2026-09-02
C-01692,review,"bohot dheela hai, hang ho raha",ORD-4746720,SKU-2305,V-23,Tiruppur,Palazzo,XL,Maroon ,,1,2026-09-17
C-00241,review,"साइज़ छोटा है, बहुत टाइट है return kar diya",ORD-4873708,SKU-0107,V-01,Tiruppur,Kurtis,M,blk,,2,2026-09-18
C-00368,review,"KAMAR PE TIGHT HAI, SAANS NAHI AATI",ORD-4020848,SKU-0220,V-02,Jaipur,Kurtis,Medium,blk,,1,2026-09-26
C-00670,return,"rang halka hai, website pe dark tha yaar",ORD-4688631,SKU-0516,V-05,Tiruppur,Dresses,S,black,Other,,2026-08-24
C-01532,return,"baju chhoti hai, kalai tak nahi aati return kar diya",ORD-4689432,SKU-2206,V-22,Jaipur,Palazzo,36,MRN,Other,,2026-09-26
C-01522,review,bacche ko bhot dhila hai,ORD-4423610,SKU-2214,V-22,Jaipur,Palazzo,38,Maroon ,,2,2026-09-17
C-01134,return,silai khul gayi pehle hi din,ORD-4749663,SKU-0810,V-08,Jaipur,Kids tees,Age 6,nevy,Other,,2026-09-19
C-01439,review,"length bahut kam hai, photo me lamba dikh raha tha paisa waste",ORD-4381013,SKU-2006,V-20,Jaipur,Leggings,S,maroon,,2,2026-09-27
C-00899,return,"bahut lamba hai, zameen pe lag raha refund chahiye",ORD-4485644,SKU-0312,V-03,Tiruppur,Kids tees,2-3 yrs,Maroon ,Other,,2026-10-04
C-00465,review,"short hai, function me nahi pehen sakti yaar",ORD-4098894,SKU-1219,V-12,Jaipur,Dresses,X-Large,mustard,,2,2026-09-04
C-00574,return,"late aaya, function nikal gaya plz jaldi refund karo",ORD-4889568,SKU-1204,V-12,Jaipur,Dresses,Medium,blk,Other,,2026-10-04
C-01193,review,"baju lambi hai, mod ke pehenna padta",ORD-4068556,SKU-1805,V-18,Tiruppur,Leggings,XL,mustard,,2,2026-09-04
C-01528,return,"bahut dheela hai, hang ho raha return kar diya",ORD-4491577,SKU-2214,V-22,Jaipur,Palazzo,40,Black,Other,,2026-09-15
C-01328,return,"baju chhoti hai, kalai tak nahi aati refund chahiye",ORD-4500263,SKU-1911,V-19,Tiruppur,Leggings,Small,mehroon,Other,,2026-10-02
C-00013,return,"kamar pe tight hai, saans nahi aati return kar diya",ORD-4089453,SKU-0710,V-07,Tiruppur,Kurtis,42,maroon,Other,,2026-09-21
C-00775,review,baju bahut tight hai paisa waste,ORD-4251576,SKU-0607,V-06,Jaipur,Dresses,42,pink,,1,2026-10-03
C-01534,return,"fitting sahi nahi, ek size bada lena padega return kar diya",ORD-4759883,SKU-2210,V-22,Jaipur,Palazzo,40,black,Other,,2026-09-20
C-01036,review,theek nahi laga,ORD-4731474,SKU-0419,V-04,Tiruppur,Kids tees,6Y,peach,,2,2026-09-03
C-01038,return,"kapda patla hai, ek dhulai me kharab ho gaya 👎",ORD-4187651,SKU-0409,V-04,Tiruppur,Kids tees,6Y,Black,Other,,2026-09-17
C-01336,review,colour alag hai photo se yaar,ORD-4845477,SKU-1908,V-19,Tiruppur,Leggings,X-Large,pink,,3,2026-09-06
C-00629,return,"बहुत ढीला है, बड़ा साइज़ आ गया 👎",ORD-4899588,SKU-0518,V-05,Tiruppur,Dresses,XL,Navy Blue,Other,,2026-08-31
C-01300,return,bacche ko bahut dheela hai,ORD-4331258,SKU-1909,V-19,Tiruppur,Leggings,Small,navy,Other,,2026-09-25
C-01293,review,"size bada nikla, ek size chhota mangwana pada plz jaldi refund karo",ORD-4104261,SKU-1919,V-19,Tiruppur,Leggings,Small,pink,,2,2026-09-20
C-00195,return,"delivery bohot der se hui, ab zaroorat nahi refund chahiye",ORD-4743852,SKU-0704,V-07,Tiruppur,Kurtis,38,peach,Other,,2026-09-07
C-00107,return,"length bahut kam hai, photo me lamba dikh raha tha return kar diya",ORD-4615072,SKU-0704,V-07,Tiruppur,Kurtis,42,Maroon ,Other,,2026-09-22
C-00204,return,color is different from the picture plz jaldi refund karo,ORD-4201791,SKU-0719,V-07,Tiruppur,Kurtis,42,navy,Other,,2026-08-25
C-01742,return,"pic me maroon tha, ye to laal hai refund chahiye",ORD-4279994,SKU-2312,V-23,Tiruppur,Palazzo,S,blk,Other,,2026-09-20
C-00405,review,"late aaya, function nikal gaya",ORD-4232145,SKU-0202,V-02,Jaipur,Kurtis,Small,MRN,,2,2026-10-02
C-01685,review,"bahut lamba hai, zameen pe lag raha refund chahiye",ORD-4280463,SKU-2308,V-23,Tiruppur,Palazzo,S,laal,,2,2026-08-25
C-01350,return,"gift ke liye liya tha, zaroorat nahi rahi return kar diya",ORD-4286154,SKU-1916,V-19,Tiruppur,Leggings,Large,mustard,Other,,2026-09-23
C-01738,return,"कपड़ा बहुत पतला है, घटिया क्वालिटी plz jaldi refund karo",ORD-4163112,SKU-2307,V-23,Tiruppur,Palazzo,S,laal,Other,,2026-09-20
C-01716,review,"KAPDA PATLA HAI, EK DHULAI ME KHARAB HO GAYA return kar diya",ORD-4374231,SKU-2315,V-23,Tiruppur,Palazzo,M,peach,,3,2026-09-16
C-01769,return,length is too short for me,ORD-4469717,SKU-0919,V-09,Jaipur,Kurtas,X-Large,laal,Other,,2026-09-19
C-01746,return,"late aaya, function nikal gaya",ORD-4801516,SKU-2320,V-23,Tiruppur,Palazzo,M,mustrd,Other,,2026-09-25
C-00626,return,"baju lambi hai, mod ke pehenna padta plz jaldi refund karo",ORD-4543804,SKU-0513,V-05,Tiruppur,Dresses,L,Black,Other,,2026-09-09
C-01100,return,"size bada nikla, ek size chhota mangwana pada 👎",ORD-4230846,SKU-0819,V-08,Jaipur,Kids tees,Age 2,blk,Other,,2026-09-04
C-00494,review,"LENGTH BHOT KAM HAI, PHOTO ME LAMBA DIKH RAHA THA paisa waste",ORD-4875459,SKU-1207,V-12,Jaipur,Dresses,Medium,peach,,3,2026-09-30
C-01960,return,.,ORD-4397943,SKU-1117,V-11,Tiruppur,Kurtas,L,nevy,Other,,2026-09-02
C-01360,review,galti se order ho gaya tha,ORD-4409545,SKU-1911,V-19,Tiruppur,Leggings,Medium,red,,2,2026-09-16
C-00306,return,"कपड़ा बहुत पतला है, घटिया क्वालिटी",ORD-4356036,SKU-0118,V-01,Tiruppur,Kurtis,S,Navy Blue,Other,,2026-10-03
C-00025,return,"kamar pe tight hai, saans nahi aati",ORD-4544774,SKU-0716,V-07,Tiruppur,Kurtis,42,maroon,Other,,2026-09-29
C-00781,review,length is too short for me,ORD-4081982,SKU-0617,V-06,Jaipur,Dresses,40,peach,,1,2026-10-03
C-00100,review,"chest pe fit nahi aa raha, chhota hai",ORD-4939593,SKU-0718,V-07,Tiruppur,Kurtis,40,Black,,2,2026-09-21
C-01775,review,length is too short for me 👎,ORD-4553966,SKU-0906,V-09,Jaipur,Kurtas,Small,maroon,,2,2026-09-01
C-00797,return,"galat product aaya, maine ye nahi mangwaya 👎",ORD-4633378,SKU-0605,V-06,Jaipur,Dresses,36,pink,Other,,2026-09-19
C-01104,review,"kamar pe tight hai, saans nahi aati paisa waste",ORD-4259563,SKU-0816,V-08,Jaipur,Kids tees,Age 8,nevy,,2,2026-09-14
C-00218,review,length is too short for me paisa waste,ORD-4050447,SKU-0114,V-01,Tiruppur,Kurtis,XL,black,,3,2026-08-28
C-01509,review,"bohot lamba hai, zameen pe lag raha",ORD-4148331,SKU-2112,V-21,Jaipur,Palazzo,S,peach,,1,2026-10-03
C-00717,return,silai khul gayi pehle hi din return kar diya,ORD-4265302,SKU-0510,V-05,Tiruppur,Dresses,XL,maroon,Other,,2026-09-27
C-00364,return,"BHOT DHEELA HAI, HANG HO RAHA return kar diya",ORD-4787756,SKU-0206,V-02,Jaipur,Kurtis,Medium,peach,Other,,2026-09-20
C-00688,return,color is different from the picture refund chahiye,ORD-4267578,SKU-0512,V-05,Tiruppur,Dresses,L,pink,Other,,2026-09-14
C-01239,return,"galat product aaya, maine ye nahi mangwaya refund chahiye",ORD-4202491,SKU-1807,V-18,Tiruppur,Leggings,XL,mustrd,Other,,2026-09-15
C-00685,review,silai khul gayi pehle hi din,ORD-4392103,SKU-0518,V-05,Tiruppur,Dresses,S,Maroon ,,1,2026-09-02
C-01511,return,"size chhota hai, S bhi tight lag raha",ORD-4818446,SKU-2111,V-21,Jaipur,Palazzo,S,black,Other,,2026-09-20
C-00237,review,"bust pe bohot tight, return kar diya yaar",ORD-4202823,SKU-0115,V-01,Tiruppur,Kurtis,S,mustrd,,1,2026-09-02
C-01573,review,"bhot dhila hai, hang ho raha",ORD-4716080,SKU-2216,V-22,Jaipur,Palazzo,42,mustrd,,2,2026-09-14
C-01109,return,"size chota hai, 4Y bhi tight lag raha 👎",ORD-4766663,SKU-0803,V-08,Jaipur,Kids tees,Age 4,blk,Other,,2026-10-02
C-01899,return,baju bahut tight hai,ORD-4848008,SKU-1118,V-11,Tiruppur,Kurtas,XL,mustard,Other,,2026-10-01
C-01674,review,BAJU BHOT TITE HAI return kar diya,ORD-4145479,SKU-2309,V-23,Tiruppur,Palazzo,M,Maroon ,,1,2026-09-30
C-01711,return,galti se order ho gaya tha paisa waste,ORD-4000400,SKU-2310,V-23,Tiruppur,Palazzo,XL,maroon,Other,,2026-09-13
C-01940,review,"length bohot kam hai, photo me lamba dikh raha tha",ORD-4025648,SKU-1120,V-11,Tiruppur,Kurtas,S,mustrd,,3,2026-09-06
C-01896,return,"kamar pe tite hai, saans nahi aati",ORD-4649465,SKU-1101,V-11,Tiruppur,Kurtas,XL,maroon,Other,,2026-09-08
C-01281,return,"too tight on the chest, had to return plz jaldi refund karo",ORD-4307497,SKU-1920,V-19,Tiruppur,Leggings,Large,navy,Other,,2026-09-18
C-00268,review,"BAJU LAMBI HAI, MOD KE PEHENNA PADTA 👎",ORD-4162902,SKU-0101,V-01,Tiruppur,Kurtis,S,mustrd,,3,2026-09-27
C-01211,return,bacche ko bhot dheela hai return kar diya,ORD-4384367,SKU-1816,V-18,Tiruppur,Leggings,S,pink,Other,,2026-08-26
C-00263,return,"CHEST PE FIT NAHI AA RAHA, CHHOTA HAI",ORD-4997652,SKU-0101,V-01,Tiruppur,Kurtis,S,blk,Other,,2026-09-24
C-00332,return,dhone pe rang nikal gaya aur sikud gaya 👎,ORD-4527767,SKU-0111,V-01,Tiruppur,Kurtis,L,MRN,Other,,2026-09-01
C-01238,return,PASAND NAHI AAYA MUJHE yaar,ORD-4186326,SKU-1814,V-18,Tiruppur,Leggings,XL,Black,Other,,2026-10-03
C-01234,review,"late aaya, function nikal gaya 👎",ORD-4278739,SKU-1802,V-18,Tiruppur,Leggings,S,red,,3,2026-09-01
C-01206,return,"length zyada hai, katwana padega",ORD-4116297,SKU-1818,V-18,Tiruppur,Leggings,M,mustrd,Other,,2026-09-14
C-01790,review,ghutne se upar aa raha hai paisa waste,ORD-4290551,SKU-0909,V-09,Jaipur,Kurtas,Large,navy,,1,2026-09-03
C-01003,return,"kapda patla hai, ek dhulai me kharab ho gaya",ORD-4248118,SKU-0407,V-04,Tiruppur,Kids tees,2Y,maroon,Other,,2026-10-02
C-00887,review,"too loose, looks like a sack plz jaldi refund karo",ORD-4469821,SKU-0302,V-03,Tiruppur,Kids tees,4-5 yrs,peach,,3,2026-09-25
C-01995,review,"कपड़ा बहुत पतला है, घटिया क्वालिटी",ORD-4626754,SKU-1103,V-11,Tiruppur,Kurtas,L,peach,,2,2026-10-01
C-00132,review,"size chotta hai, S bhi tight lag raha",ORD-4045029,SKU-0709,V-07,Tiruppur,Kurtis,36,mustrd,,2,2026-09-19
C-01029,return,stitching is poor and thread coming out refund chahiye,ORD-4138482,SKU-0412,V-04,Tiruppur,Kids tees,2Y,red,Other,,2026-09-01
C-00046,return,"chest pe fit nahi aa raha, chhota hai paisa waste",ORD-4807996,SKU-0708,V-07,Tiruppur,Kurtis,42,Maroon ,Other,,2026-09-06
C-01897,return,"size bada nikla, ek size chhota mangwana pada yaar",ORD-4432573,SKU-1110,V-11,Tiruppur,Kurtas,L,black,Other,,2026-09-20
C-01268,review,"fitting sahi nahi, ek size bada lena padega refund chahiye",ORD-4204598,SKU-1918,V-19,Tiruppur,Leggings,Medium,maroon,,3,2026-09-10
C-00631,return,"kamar pe tight hai, saans nahi aati plz jaldi refund karo",ORD-4438641,SKU-0518,V-05,Tiruppur,Dresses,L,red,Other,,2026-09-18
C-00820,return,dhone pe rang nikal gaya aur sikud gaya refund chahiye,ORD-4474979,SKU-0615,V-06,Jaipur,Dresses,40,black,Other,,2026-08-31
C-00810,return,colour alag hai photo se,ORD-4541599,SKU-0615,V-06,Jaipur,Dresses,36,Maroon ,Other,,2026-09-08
C-00914,return,dusra pasand aa gaya isliye wapas,ORD-4499323,SKU-0313,V-03,Tiruppur,Kids tees,4-5 yrs,mehroon,Other,,2026-09-09
C-01639,return,"bust pe bhot tight, return kar diya",ORD-4591393,SKU-2310,V-23,Tiruppur,Palazzo,M,mustard,Other,,2026-10-01
C-01037,review,"delivery bhot der se hui, ab zaroorat nahi return kar diya",ORD-4760576,SKU-0402,V-04,Tiruppur,Kids tees,8Y,black,,2,2026-08-29
C-01560,return,"chest pe fit nahi aa raha, chhota hai yaar",ORD-4703531,SKU-2215,V-22,Jaipur,Palazzo,42,black,Other,,2026-09-26
C-00915,return,"gift ke liye liya tha, zaroorat nahi rahi 👎",ORD-4481926,SKU-0311,V-03,Tiruppur,Kids tees,6-7 yrs,blk,Other,,2026-09-22
C-01856,review,packet khula hua aaya tha,ORD-4544577,SKU-0911,V-09,Jaipur,Kurtas,Large,pink,,2,2026-09-12
C-01496,return,"rang halka hai, website pe dark tha yaar",ORD-4407630,SKU-2008,V-20,Jaipur,Leggings,M,mehroon,Other,,2026-10-04
C-00002,review,baju bahut tight hai,ORD-4673465,SKU-0704,V-07,Tiruppur,Kurtis,42,red,,2,2026-09-28
C-01645,return,"short hai, function me nahi pehen sakti return kar diya",ORD-4866522,SKU-2301,V-23,Tiruppur,Palazzo,XL,pink,Other,,2026-08-27
C-01394,return,baju bahut tight hai,ORD-4728251,SKU-2019,V-20,Jaipur,Leggings,S,navy,Other,,2026-09-01
C-01584,return,theek nahi laga 👎,ORD-4757566,SKU-2216,V-22,Jaipur,Palazzo,36,maroon,Other,,2026-09-17
C-01444,review,"shoulder se tight hai, haath nahi uthta return kar diya",ORD-4125518,SKU-2014,V-20,Jaipur,Leggings,XL,navy,,2,2026-09-19
C-00535,review,length is too short for me paisa waste,ORD-4131874,SKU-1208,V-12,Jaipur,Dresses,Large,mehroon,,3,2026-08-28
C-00179,return,nahi,ORD-4304630,SKU-0708,V-07,Tiruppur,Kurtis,42,Navy Blue,Other,,2026-09-30
C-00170,return,"BUST PE BAHUT TIGHT, RETURN KAR DIYA",ORD-4783986,SKU-0706,V-07,Tiruppur,Kurtis,42,MRN,Other,,2026-09-30
C-00493,review,"too tight on the chest, had to return refund chahiye",ORD-4384566,SKU-1206,V-12,Jaipur,Dresses,X-Large,pink,,1,2026-09-13
C-00211,review,"galat product aaya, maine ye nahi mangwaya 👎",ORD-4703614,SKU-0711,V-07,Tiruppur,Kurtis,40,Maroon ,,2,2026-08-24
C-00216,return,kapda patla hai aur dheela bhi hai,ORD-4863742,SKU-0112,V-01,Tiruppur,Kurtis,M,mustard,Other,,2026-09-02
C-00931,review,dhone pe rang nikal gaya aur sikud gaya paisa waste,ORD-4216021,SKU-0305,V-03,Tiruppur,Kids tees,4-5 yrs,Maroon ,,1,2026-09-16
C-00692,review,bad,ORD-4789456,SKU-0512,V-05,Tiruppur,Dresses,S,Navy Blue,,2,2026-08-28
C-00276,return,LATE AAYA AUR LENGTH BHI KAM HAI,ORD-4442329,SKU-0118,V-01,Tiruppur,Kurtis,XL,nevy,Other,,2026-09-08
C-01088,return,"too tight on the chest, had to return yaar",ORD-4736730,SKU-0809,V-08,Jaipur,Kids tees,Age 6,nevy,Other,,2026-09-27
C-02009,return,dhone pe rang nikal gaya aur sikud gaya yaar,ORD-4102372,SKU-0717,V-07,Tiruppur,Kurtis,42,maroon,Other,,2026-09-30
C-01475,return,theek nahi laga refund chahiye,ORD-4331413,SKU-2002,V-20,Jaipur,Leggings,M,blk,Other,,2026-09-19
C-01801,return,"बहुत ढीला है, बड़ा साइज़ आ गया 👎",ORD-4476997,SKU-0904,V-09,Jaipur,Kurtas,Small,mehroon,Other,,2026-09-10
C-01653,return,late aaya aur length bhi kam hai refund chahiye,ORD-4871178,SKU-2305,V-23,Tiruppur,Palazzo,XL,nevy,Other,,2026-09-20
C-00924,return,??,ORD-4930523,SKU-0313,V-03,Tiruppur,Kids tees,2-3 yrs,nevy,Other,,2026-09-03
C-01772,review,"too tight on the chest, had to return 👎",ORD-4910210,SKU-0905,V-09,Jaipur,Kurtas,Medium,blk,,2,2026-09-18
C-00505,review,"baju chhoti hai, kalai tak nahi aati",ORD-4058043,SKU-1203,V-12,Jaipur,Dresses,Large,maroon,,1,2026-09-19
C-00123,return,"साइज़ छोटा है, बहुत टाइट है",ORD-4878658,SKU-0717,V-07,Tiruppur,Kurtis,38,peach,Other,,2026-09-30
C-01826,review,"galat product aaya, maine ye nahi mangwaya paisa waste",ORD-4718477,SKU-0913,V-09,Jaipur,Kurtas,Medium,pink,,1,2026-09-24
C-00088,review,"shoulder se tight hai, haath nahi uthta 👎",ORD-4145928,SKU-0711,V-07,Tiruppur,Kurtis,42,MRN,,2,2026-10-02
C-00498,review,ghutne se upar aa raha hai paisa waste,ORD-4106449,SKU-1211,V-12,Jaipur,Dresses,Large,navy,,1,2026-09-25
C-00301,review,"rang halka hai, website pe dark tha",ORD-4440423,SKU-0120,V-01,Tiruppur,Kurtis,S,peach,,2,2026-09-19
C-01553,review,"baju chhoti hai, kalai tak nahi aati refund chahiye",ORD-4444883,SKU-2211,V-22,Jaipur,Palazzo,42,laal,,1,2026-09-30
C-00548,review,"baju chhoti hai, kalai tak nahi aati plz jaldi refund karo",ORD-4040553,SKU-1214,V-12,Jaipur,Dresses,X-Large,black,,1,2026-09-30
C-00730,review,"bhot lamba hai, zameen pe lag raha",ORD-4895869,SKU-0614,V-06,Jaipur,Dresses,40,MRN,,2,2026-09-27
C-00430,return,kalar alag hai photo se plz jaldi refund karo,ORD-4389520,SKU-0202,V-02,Jaipur,Kurtis,X-Large,mustrd,Other,,2026-09-29
C-01298,return,length is too short for me plz jaldi refund karo,ORD-4608035,SKU-1904,V-19,Tiruppur,Leggings,Large,black,Other,,2026-09-02
C-01591,return,stitching is poor and thread coming out yaar,ORD-4727319,SKU-2212,V-22,Jaipur,Palazzo,40,mustard,Other,,2026-09-29
C-01050,return,"galat product aaya, maine ye nahi mangwaya",ORD-4078327,SKU-0419,V-04,Tiruppur,Kids tees,2Y,pink,Other,,2026-09-28
C-00773,return,"SHORT HAI, FUNCTION ME NAHI PEHEN SAKTI plz jaldi refund karo",ORD-4369156,SKU-0617,V-06,Jaipur,Dresses,38,laal,Other,,2026-09-21
C-00959,return,kapda patla hai aur dheela bhi hai,ORD-4368634,SKU-0411,V-04,Tiruppur,Kids tees,4Y,pink,Other,,2026-09-08
C-01323,return,"too loose, looks like a sack return kar diya",ORD-4520036,SKU-1920,V-19,Tiruppur,Leggings,X-Large,laal,Other,,2026-10-02
C-01105,return,"SHOULDER SE UTAR RAHA HAI, BADA HAI",ORD-4821519,SKU-0801,V-08,Jaipur,Kids tees,Age 8,maroon,Other,,2026-09-24
C-00938,return,"साइज़ छोटा है, बहुत टाइट है 👎",ORD-4513167,SKU-0406,V-04,Tiruppur,Kids tees,4Y,navy,Other,,2026-09-29
C-00309,return,"tag nahi tha, used lag raha tha",ORD-4289923,SKU-0108,V-01,Tiruppur,Kurtis,L,pink,Other,,2026-09-23
C-00948,return,"fitting sahi nahi, ek size bada lena padega return kar diya",ORD-4982272,SKU-0414,V-04,Tiruppur,Kids tees,4Y,maroon,Other,,2026-08-29
C-00157,review,length is too short for me,ORD-4408009,SKU-0709,V-07,Tiruppur,Kurtis,36,peach,,2,2026-09-15
C-01836,review,"RANG HALKA HAI, WEBSITE PE DARK THA",ORD-4008959,SKU-0917,V-09,Jaipur,Kurtas,Medium,pink,,1,2026-08-30
C-01140,return,accha nahi hai ye,ORD-4807349,SKU-0809,V-08,Jaipur,Kids tees,Age 8,mustard,Other,,2026-09-26
C-00466,return,length is too short for me,ORD-4383232,SKU-1215,V-12,Jaipur,Dresses,Large,navy,Other,,2026-09-04
C-01465,return,"late aaya, function nikal gaya",ORD-4885068,SKU-2010,V-20,Jaipur,Leggings,L,black,Other,,2026-08-27
C-00260,review,ghutne se upar aa raha hai 👎,ORD-4345992,SKU-0117,V-01,Tiruppur,Kurtis,L,laal,,1,2026-08-28
C-01431,review,"bhot lamba hai, zameen pe lag raha",ORD-4446953,SKU-2004,V-20,Jaipur,Leggings,L,maroon,,1,2026-09-28
C-00736,return,"बहुत ढीला है, बड़ा साइज़ आ गया",ORD-4550627,SKU-0618,V-06,Jaipur,Dresses,38,nevy,Other,,2026-09-12
C-01308,return,"short hai, function me nahi pehen sakti plz jaldi refund karo",ORD-4400701,SKU-1907,V-19,Tiruppur,Leggings,Small,blk,Other,,2026-08-25
C-01893,return,"size chotta hai, M bhi tight lag raha",ORD-4296626,SKU-1111,V-11,Tiruppur,Kurtas,M,maroon,Other,,2026-09-03
C-00566,review,"delivery bohot der se hui, ab zaroorat nahi refund chahiye",ORD-4959957,SKU-1213,V-12,Jaipur,Dresses,Medium,peach,,2,2026-09-30
C-00471,return,"too tite on the chest, had to return paisa waste",ORD-4663793,SKU-1213,V-12,Jaipur,Dresses,X-Large,mehroon,Other,,2026-09-17
C-00349,review,"BAJU CHHOTI HAI, KALAI TAK NAHI AATI plz jaldi refund karo",ORD-4058405,SKU-0218,V-02,Jaipur,Kurtis,X-Large,navy,,1,2026-09-05
C-00549,return,"fitting ajeeb hai, shape theek nahi",ORD-4534941,SKU-1203,V-12,Jaipur,Dresses,Medium,Navy Blue,Other,,2026-09-24
C-00651,return,"shoulder se tight hai, haath nahi uthta 👎",ORD-4392753,SKU-0512,V-05,Tiruppur,Dresses,S,Black,Other,,2026-09-02
C-01627,return,"pic me maroon tha, ye to laal hai",ORD-4290511,SKU-2214,V-22,Jaipur,Palazzo,40,Navy Blue,Other,,2026-09-10
C-01122,return,dhone pe rang nikal gaya aur sikud gaya,ORD-4203265,SKU-0803,V-08,Jaipur,Kids tees,Age 4,Navy Blue,Other,,2026-09-13
C-00168,return,"fitting ajeeb hai, shape theek nahi plz jaldi refund karo",ORD-4286487,SKU-0714,V-07,Tiruppur,Kurtis,38,blk,Other,,2026-09-20
C-00653,return,"length zyada hai, katwana padega refund chahiye",ORD-4763437,SKU-0520,V-05,Tiruppur,Dresses,L,mustard,Other,,2026-09-08
C-00829,return,"pic me maroon tha, ye to laal hai refund chahiye",ORD-4702934,SKU-0618,V-06,Jaipur,Dresses,36,peach,Other,,2026-08-31
C-00287,return,dhone pe rang nikal gaya aur sikud gaya,ORD-4243239,SKU-0116,V-01,Tiruppur,Kurtis,L,pink,Other,,2026-09-24
C-00328,review,color is different from the picture 👎,ORD-4580196,SKU-0120,V-01,Tiruppur,Kurtis,M,red,,1,2026-09-04
C-01157,return,color is different from the picture yaar,ORD-4125392,SKU-0810,V-08,Jaipur,Kids tees,Age 6,red,Other,,2026-08-27
C-00225,review,bacche ko bahut dheela hai 👎,ORD-4548634,SKU-0109,V-01,Tiruppur,Kurtis,M,Black,,3,2026-09-10
C-00443,review,"kapda patla hai, ek dhulai me kharab ho gaya return kar diya",ORD-4488849,SKU-0215,V-02,Jaipur,Kurtis,Medium,navy,,2,2026-08-30
C-00779,return,"too loose, looks like a sack",ORD-4043968,SKU-0606,V-06,Jaipur,Dresses,42,laal,Other,,2026-09-20
C-01552,return,"BOHOT DHEELA HAI, HANG HO RAHA plz jaldi refund karo",ORD-4180185,SKU-2215,V-22,Jaipur,Palazzo,42,navy,Other,,2026-08-26
C-01776,return,"fitting ajeeb hai, shape theek nahi plz jaldi refund karo",ORD-4636116,SKU-0905,V-09,Jaipur,Kurtas,Small,Navy Blue,Other,,2026-10-01
C-00761,return,"size bada nikla, ek size chhota mangwana pada",ORD-4169684,SKU-0608,V-06,Jaipur,Dresses,42,mustard,Other,,2026-08-28
C-01458,review,COLOR IS DIFFERENT FROM THE PICTURE refund chahiye,ORD-4162171,SKU-2001,V-20,Jaipur,Leggings,M,red,,2,2026-09-24
C-01115,return,"rang alag hai, upar se bust pe tight paisa waste",ORD-4797621,SKU-0803,V-08,Jaipur,Kids tees,Age 6,nevy,Other,,2026-09-25
C-00460,review,length is too short for me yaar,ORD-4290231,SKU-1207,V-12,Jaipur,Dresses,X-Large,pink,,2,2026-08-25
C-02000,return,"kapda patla hai, ek dhulai me kharab ho gaya plz jaldi refund karo",ORD-4333796,SKU-1114,V-11,Tiruppur,Kurtas,L,mustard,Other,,2026-10-04
C-01008,return,no,ORD-4166140,SKU-0408,V-04,Tiruppur,Kids tees,4Y,red,Other,,2026-08-29
C-01271,return,"shoulder se tite hai, haath nahi uthta plz jaldi refund karo",ORD-4568137,SKU-1907,V-19,Tiruppur,Leggings,X-Large,Black,Other,,2026-09-09
C-00826,return,"fabric cheap lagta hai, photo jaisa nahi refund chahiye",ORD-4938890,SKU-0619,V-06,Jaipur,Dresses,36,mehroon,Other,,2026-09-17
C-01887,return,"BAJU LAMBI HAI, MOD KE PEHENNA PADTA plz jaldi refund karo",ORD-4528292,SKU-1108,V-11,Tiruppur,Kurtas,M,blk,Other,,2026-08-29
C-01890,review,kapda patla hai aur dheela bhi hai,ORD-4201267,SKU-1113,V-11,Tiruppur,Kurtas,S,pink,,2,2026-09-10
C-01178,review,"साइज़ छोटा है, बहुत टाइट है plz jaldi refund karo",ORD-4329431,SKU-1812,V-18,Tiruppur,Leggings,L,mustard,,1,2026-09-03
C-01031,return,"late aaya, function nikal gaya plz jaldi refund karo",ORD-4969901,SKU-0403,V-04,Tiruppur,Kids tees,8Y,Black,Other,,2026-09-06
C-00691,return,stitching is poor and thread coming out return kar diya,ORD-4388950,SKU-0505,V-05,Tiruppur,Dresses,S,nevy,Other,,2026-08-24
C-00018,return,baju bahut tight hai refund chahiye,ORD-4892999,SKU-0701,V-07,Tiruppur,Kurtis,42,nevy,Other,,2026-09-26
C-01366,review,"tag nahi tha, used lag raha tha",ORD-4534379,SKU-1908,V-19,Tiruppur,Leggings,X-Large,peach,,1,2026-09-24
C-00056,return,"too tight on the chest, had to return",ORD-4582588,SKU-0711,V-07,Tiruppur,Kurtis,42,nevy,Other,,2026-09-01
C-00672,review,nahi,ORD-4850018,SKU-0514,V-05,Tiruppur,Dresses,L,red,,3,2026-10-02
C-01232,return,color is different from the picture,ORD-4405629,SKU-1802,V-18,Tiruppur,Leggings,M,red,Other,,2026-09-04
C-01859,return,pasand nahi aaya mujhe paisa waste,ORD-4415119,SKU-0918,V-09,Jaipur,Kurtas,Medium,nevy,Other,,2026-09-14
C-00698,review,ok,ORD-4653096,SKU-0511,V-05,Tiruppur,Dresses,M,navy,,1,2026-09-22
C-00392,return,"length zyada hai, katwana padega 👎",ORD-4689255,SKU-0214,V-02,Jaipur,Kurtis,Medium,mustard,Other,,2026-10-01
C-01180,return,kalar alag tha aur size bhi chhota,ORD-4552661,SKU-1806,V-18,Tiruppur,Leggings,S,Black,Other,,2026-09-24
C-01721,review,"fabric cheap lagta hai, photo jaisa nahi paisa waste",ORD-4756818,SKU-2304,V-23,Tiruppur,Palazzo,M,peach,,1,2026-08-30
C-01462,review,stitching is poor and thread coming out,ORD-4776304,SKU-2013,V-20,Jaipur,Leggings,S,blk,,3,2026-09-11
C-01251,review,"pic me maroon tha, ye to laal hai yaar",ORD-4433034,SKU-1811,V-18,Tiruppur,Leggings,M,blk,,1,2026-09-11
C-01406,return,length is too short for me refund chahiye,ORD-4287046,SKU-2018,V-20,Jaipur,Leggings,L,Maroon ,Other,,2026-09-28
C-00015,return,"साइज़ छोटा है, बहुत टाइट है return kar diya",ORD-4561341,SKU-0710,V-07,Tiruppur,Kurtis,38,maroon,Other,,2026-09-11
C-00673,return,color is different from the picture,ORD-4652854,SKU-0502,V-05,Tiruppur,Dresses,M,Navy Blue,Other,,2026-09-25
C-01229,return,color is different from the picture yaar,ORD-4699582,SKU-1807,V-18,Tiruppur,Leggings,M,Black,Other,,2026-08-29
C-01891,review,"length bohot kam hai, photo me lamba dikh raha tha 👎",ORD-4604899,SKU-1114,V-11,Tiruppur,Kurtas,L,maroon,,1,2026-09-21
C-01676,return,"kamar pe tight hai, saans nahi aati plz jaldi refund karo",ORD-4548794,SKU-2312,V-23,Tiruppur,Palazzo,XL,MRN,Other,,2026-08-31
C-00920,review,"arrived after the wedding, no use now yaar",ORD-4887543,SKU-0313,V-03,Tiruppur,Kids tees,4-5 yrs,mustrd,,1,2026-09-19
C-00530,review,"short hai, function me nahi pehen sakti",ORD-4028688,SKU-1218,V-12,Jaipur,Dresses,Small,peach,,1,2026-09-04
C-00559,return,LENGTH IS TOO SHORT FOR ME return kar diya,ORD-4831607,SKU-1218,V-12,Jaipur,Dresses,Medium,nevy,Other,,2026-09-16
C-00591,return,color is different from the picture return kar diya,ORD-4606436,SKU-1211,V-12,Jaipur,Dresses,Large,maroon,Other,,2026-09-21
C-00767,return,bacche ko bhot dhila hai return kar diya,ORD-4627548,SKU-0614,V-06,Jaipur,Dresses,38,mustard,Other,,2026-08-31
C-01030,return,silai khul gayi pehle hi din yaar,ORD-4511055,SKU-0417,V-04,Tiruppur,Kids tees,2Y,nevy,Other,,2026-10-02
C-01387,return,"कपड़ा बहुत पतला है, घटिया क्वालिटी",ORD-4883323,SKU-1905,V-19,Tiruppur,Leggings,X-Large,blk,Other,,2026-08-26
C-00479,return,"LENGTH BOHOT KAM HAI, PHOTO ME LAMBA DIKH RAHA THA paisa waste",ORD-4002508,SKU-1217,V-12,Jaipur,Dresses,Large,black,Other,,2026-09-15
C-00426,review,theek nahi laga paisa waste,ORD-4793561,SKU-0210,V-02,Jaipur,Kurtis,Small,pink,,2,2026-10-02
C-00917,review,"galat product aaya, maine ye nahi mangwaya yaar",ORD-4233051,SKU-0314,V-03,Tiruppur,Kids tees,6-7 yrs,nevy,,1,2026-09-18
C-00467,review,late aaya aur length bhi kam hai,ORD-4246742,SKU-1209,V-12,Jaipur,Dresses,X-Large,peach,,1,2026-09-11
C-00900,review,"bhot dhila hai, hang ho raha 👎",ORD-4546257,SKU-0305,V-03,Tiruppur,Kids tees,4-5 yrs,red,,3,2026-09-10
C-00565,review,kalar alag hai photo se,ORD-4280887,SKU-1220,V-12,Jaipur,Dresses,Small,Maroon ,,1,2026-09-29
C-00210,return,ok,ORD-4836407,SKU-0717,V-07,Tiruppur,Kurtis,40,peach,Other,,2026-09-05
C-00928,return,"kapda patla hai, ek dhulai me kharab ho gaya yaar",ORD-4668582,SKU-0301,V-03,Tiruppur,Kids tees,6-7 yrs,red,Other,,2026-09-08
C-00315,return,silai khul gayi pehle hi din paisa waste,ORD-4226395,SKU-0118,V-01,Tiruppur,Kurtis,XL,red,Other,,2026-08-27
C-01729,review,silai khul gayi pehle hi din return kar diya,ORD-4088210,SKU-2318,V-23,Tiruppur,Palazzo,XL,mehroon,,2,2026-08-27
C-01081,return,"too tight on the chest, had to return",ORD-4803495,SKU-0818,V-08,Jaipur,Kids tees,Age 2,laal,Other,,2026-09-12
C-01146,return,"tag nahi tha, used lag raha tha 👎",ORD-4309783,SKU-0815,V-08,Jaipur,Kids tees,Age 2,mehroon,Other,,2026-09-25
C-00637,return,"shoulder se tight hai, haath nahi uthta",ORD-4797817,SKU-0508,V-05,Tiruppur,Dresses,S,MRN,Other,,2026-09-23
C-01002,review,"gift ke liye liya tha, zaroorat nahi rahi 👎",ORD-4494900,SKU-0419,V-04,Tiruppur,Kids tees,2Y,mehroon,,1,2026-09-26
C-01965,return,pasand nahi aaya mujhe yaar,ORD-4905881,SKU-1118,V-11,Tiruppur,Kurtas,M,blk,Other,,2026-09-07
C-01270,return,"साइज़ छोटा है, बहुत टाइट है",ORD-4166981,SKU-1917,V-19,Tiruppur,Leggings,Large,Navy Blue,Other,,2026-09-02
C-00523,return,"length bahut kam hai, photo me lamba dikh raha tha",ORD-4204492,SKU-1206,V-12,Jaipur,Dresses,Small,black,Other,,2026-09-09
C-01633,return,silai khul gayi pehle hi din plz jaldi refund karo,ORD-4639766,SKU-2217,V-22,Jaipur,Palazzo,40,peach,Other,,2026-09-18
C-00861,return,"बहुत ढीला है, बड़ा साइज़ आ गया 👎",ORD-4245978,SKU-0319,V-03,Tiruppur,Kids tees,4-5 yrs,Black,Other,,2026-09-07
C-01843,return,"pic me maroon tha, ye to laal hai paisa waste",ORD-4148750,SKU-0916,V-09,Jaipur,Kurtas,Medium,Maroon ,Other,,2026-08-26
C-01650,return,"shoulder se utar raha hai, bada hai paisa waste",ORD-4913443,SKU-2306,V-23,Tiruppur,Palazzo,XL,peach,Other,,2026-09-16
C-00072,review,"fitting ajeeb hai, shape theek nahi",ORD-4413888,SKU-0703,V-07,Tiruppur,Kurtis,42,mustard,,2,2026-09-01
C-01377,review,"late aaya, function nikal gaya refund chahiye",ORD-4367300,SKU-1906,V-19,Tiruppur,Leggings,Large,red,,1,2026-10-01
C-01329,return,"kamar pe loose hai, baaki theek paisa waste",ORD-4554716,SKU-1916,V-19,Tiruppur,Leggings,Small,mustard,Other,,2026-09-15
C-01668,return,"bhot dheela hai, hang ho raha",ORD-4259483,SKU-2313,V-23,Tiruppur,Palazzo,XL,red,Other,,2026-09-29
C-00051,return,"chest pe fit nahi aa raha, chhota hai 👎",ORD-4171928,SKU-0712,V-07,Tiruppur,Kurtis,42,navy,Other,,2026-08-27
C-00129,review,"chest pe fit nahi aa raha, chhota hai 👎",ORD-4327859,SKU-0701,V-07,Tiruppur,Kurtis,40,mustard,,1,2026-08-25
C-00244,return,"fitting ajeeb hai, shape theek nahi paisa waste",ORD-4648292,SKU-0101,V-01,Tiruppur,Kurtis,S,maroon,Other,,2026-09-01
C-01624,review,theek nahi laga return kar diya,ORD-4254544,SKU-2204,V-22,Jaipur,Palazzo,36,laal,,2,2026-09-03
C-00617,return,"BAJU CHHOTI HAI, KALAI TAK NAHI AATI refund chahiye",ORD-4740374,SKU-0511,V-05,Tiruppur,Dresses,XL,nevy,Other,,2026-10-04
C-00557,review,"fitting sahi nahi, ek size bada lena padega",ORD-4246622,SKU-1213,V-12,Jaipur,Dresses,Medium,pink,,1,2026-09-01
C-00456,review,length is too short for me,ORD-4696929,SKU-1220,V-12,Jaipur,Dresses,Medium,black,,1,2026-09-18
C-01200,return,ghutne se upar aa raha hai refund chahiye,ORD-4649393,SKU-1814,V-18,Tiruppur,Leggings,S,maroon,Other,,2026-09-26
C-00048,return,late aaya aur length bhi kam hai yaar,ORD-4913658,SKU-0710,V-07,Tiruppur,Kurtis,42,red,Other,,2026-09-05
C-01107,review,"kamar pe tight hai, saans nahi aati 👎",ORD-4714644,SKU-0813,V-08,Jaipur,Kids tees,Age 6,Black,,3,2026-10-02
C-00833,return,"PIC ME MAROON THA, YE TO LAAL HAI 👎",ORD-4441147,SKU-0615,V-06,Jaipur,Dresses,40,navy,Other,,2026-09-16
C-00529,return,"short hai, function me nahi pehen sakti 👎",ORD-4065475,SKU-1204,V-12,Jaipur,Dresses,Small,maroon,Other,,2026-09-03
C-01159,return,"arrived after the wedding, no use now",ORD-4832880,SKU-0814,V-08,Jaipur,Kids tees,Age 4,blk,Other,,2026-09-16
C-00281,review,color is different from the picture,ORD-4490684,SKU-0119,V-01,Tiruppur,Kurtis,S,black,,2,2026-08-31
C-01713,review,galti se order ho gaya tha paisa waste,ORD-4668967,SKU-2317,V-23,Tiruppur,Palazzo,M,mehroon,,1,2026-08-26
C-00800,return,"pic me maroon tha, ye to laal hai",ORD-4401003,SKU-0601,V-06,Jaipur,Dresses,42,laal,Other,,2026-10-02
C-00164,review,"bust pe bahut tite, return kar diya 👎",ORD-4380944,SKU-0710,V-07,Tiruppur,Kurtis,38,navy,,1,2026-09-18
C-00555,return,cut sahi nahi baithta body pe plz jaldi refund karo,ORD-4228286,SKU-1218,V-12,Jaipur,Dresses,X-Large,pink,Other,,2026-09-28
C-01857,review,colour alag hai photo se yaar,ORD-4902770,SKU-0907,V-09,Jaipur,Kurtas,X-Large,laal,,2,2026-08-27
C-00110,review,"fitting sahi nahi, ek size bada lena padega",ORD-4944562,SKU-0708,V-07,Tiruppur,Kurtis,42,red,,1,2026-08-31
C-01806,review,"fitting sahi nahi, ek size bada lena padega yaar",ORD-4359973,SKU-0902,V-09,Jaipur,Kurtas,X-Large,Navy Blue,,2,2026-09-09
C-00367,review,"bhot dheela hai, hang ho raha plz jaldi refund karo",ORD-4456172,SKU-0203,V-02,Jaipur,Kurtis,X-Large,mustard,,1,2026-09-13
C-01479,return,"arrived after the wedding, no use now",ORD-4990376,SKU-2011,V-20,Jaipur,Leggings,XL,laal,Other,,2026-09-17
C-01541,return,"bahut dhila hai, hang ho raha plz jaldi refund karo",ORD-4785215,SKU-2204,V-22,Jaipur,Palazzo,42,red,Other,,2026-08-25
C-00934,return,colour alag hai photo se refund chahiye,ORD-4349862,SKU-0306,V-03,Tiruppur,Kids tees,4-5 yrs,maroon,Other,,2026-09-15
C-00065,return,"fitting sahi nahi, ek size bada lena padega plz jaldi refund karo",ORD-4352410,SKU-0710,V-07,Tiruppur,Kurtis,36,Maroon ,Other,,2026-10-02
C-00274,review,"length bhot kam hai, photo me lamba dikh raha tha return kar diya",ORD-4125040,SKU-0120,V-01,Tiruppur,Kurtis,L,Maroon ,,3,2026-08-25
C-00715,return,ok,ORD-4592272,SKU-0502,V-05,Tiruppur,Dresses,XL,mehroon,Other,,2026-09-27
C-01417,return,"baju lambi hai, mod ke pehenna padta return kar diya",ORD-4012677,SKU-2020,V-20,Jaipur,Leggings,L,mustard,Other,,2026-09-21
C-00526,return,length is too short for me,ORD-4023118,SKU-1217,V-12,Jaipur,Dresses,Small,mustard,Other,,2026-08-26
C-00960,review,"shoulder se utar raha hai, bada hai",ORD-4797224,SKU-0418,V-04,Tiruppur,Kids tees,8Y,Black,,3,2026-09-12
C-00059,return,"LENGTH BOHOT KAM HAI, PHOTO ME LAMBA DIKH RAHA THA",ORD-4097457,SKU-0717,V-07,Tiruppur,Kurtis,40,mustard,Other,,2026-09-03
C-00350,review,"baju chhoti hai, kalai tak nahi aati paisa waste",ORD-4258393,SKU-0205,V-02,Jaipur,Kurtis,Small,blk,,1,2026-09-02
C-00877,return,bacche ko bohot dheela hai plz jaldi refund karo,ORD-4066290,SKU-0317,V-03,Tiruppur,Kids tees,6-7 yrs,navy,Other,,2026-09-03
C-01617,return,pasand nahi aaya mujhe yaar,ORD-4261017,SKU-2211,V-22,Jaipur,Palazzo,38,mustrd,Other,,2026-09-25
C-00324,return,silai khul gayi pehle hi din paisa waste,ORD-4751953,SKU-0101,V-01,Tiruppur,Kurtis,M,laal,Other,,2026-09-18
C-00322,return,wapas kar diya bas yaar,ORD-4043190,SKU-0116,V-01,Tiruppur,Kurtis,L,maroon,Other,,2026-08-30
C-01419,return,"baju chhoti hai, kalai tak nahi aati refund chahiye",ORD-4369338,SKU-2011,V-20,Jaipur,Leggings,M,pink,Other,,2026-09-04
C-00049,return,"too tite on the chest, had to return",ORD-4673534,SKU-0703,V-07,Tiruppur,Kurtis,40,nevy,Other,,2026-09-26
C-01319,return,"bahut dheela hai, hang ho raha return kar diya",ORD-4686630,SKU-1906,V-19,Tiruppur,Leggings,Large,blk,Other,,2026-10-03
C-01718,return,"delivery bahut der se hui, ab zaroorat nahi return kar diya",ORD-4166242,SKU-2320,V-23,Tiruppur,Palazzo,M,mehroon,Other,,2026-10-02
C-00208,return,"kapda patla hai, ek dhulai me kharab ho gaya refund chahiye",ORD-4161429,SKU-0719,V-07,Tiruppur,Kurtis,38,maroon,Other,,2026-09-21
C-01812,return,kapda patla hai aur dheela bhi hai refund chahiye,ORD-4489116,SKU-0910,V-09,Jaipur,Kurtas,Medium,black,Other,,2026-09-21
C-00161,return,"KAMAR PE TIGHT HAI, SAANS NAHI AATI",ORD-4230715,SKU-0713,V-07,Tiruppur,Kurtis,40,blk,Other,,2026-09-14
C-00470,return,ghutne se upar aa raha hai,ORD-4908964,SKU-1206,V-12,Jaipur,Dresses,Large,pink,Other,,2026-09-30
C-02022,return,BACCHE KO BHOT DHEELA HAI paisa waste,ORD-4824459,SKU-2211,V-22,Jaipur,Palazzo,36,mustrd,Other,,2026-09-22
C-00916,review,silai khul gayi pehle hi din yaar,ORD-4098053,SKU-0304,V-03,Tiruppur,Kids tees,6-7 yrs,red,,3,2026-09-03
C-01669,return,"bhot lamba hai, zameen pe lag raha 👎",ORD-4784129,SKU-2312,V-23,Tiruppur,Palazzo,L,black,Other,,2026-09-01
C-00369,return,"baju lambi hai, mod ke pehenna padta 👎",ORD-4220907,SKU-0220,V-02,Jaipur,Kurtis,Large,Navy Blue,Other,,2026-10-02
C-01980,review,color is different from the picture 👎,ORD-4192969,SKU-1103,V-11,Tiruppur,Kurtas,M,red,,2,2026-09-08
C-01481,return,no,ORD-4399178,SKU-2006,V-20,Jaipur,Leggings,XL,navy,Other,,2026-09-28
C-01416,return,"बहुत ढीला है, बड़ा साइज़ आ गया return kar diya",ORD-4039817,SKU-2006,V-20,Jaipur,Leggings,XL,red,Other,,2026-08-28
C-00344,return,"SHORT HAI, FUNCTION ME NAHI PEHEN SAKTI",ORD-4787834,SKU-0211,V-02,Jaipur,Kurtis,X-Large,Maroon ,Other,,2026-09-06
C-00788,return,,ORD-4868519,SKU-0617,V-06,Jaipur,Dresses,36,Black,Other,,2026-09-13
C-00251,review,"too tight on the chest, had to return yaar",ORD-4411530,SKU-0102,V-01,Tiruppur,Kurtis,XL,Maroon ,,2,2026-09-24
C-00654,review,"SHOULDER SE TIGHT HAI, HAATH NAHI UTHTA paisa waste",ORD-4103936,SKU-0517,V-05,Tiruppur,Dresses,S,Navy Blue,,1,2026-09-06
C-01597,return,kalar alag hai photo se return kar diya,ORD-4285127,SKU-2205,V-22,Jaipur,Palazzo,40,mehroon,Other,,2026-09-27
C-00258,review,"baju lambi hai, mod ke pehenna padta yaar",ORD-4701711,SKU-0114,V-01,Tiruppur,Kurtis,M,nevy,,1,2026-09-03
C-01631,review,WAPAS KAR DIYA BAS 👎,ORD-4814719,SKU-2206,V-22,Jaipur,Palazzo,40,laal,,2,2026-09-09
C-01065,return,"fitting ajeeb hai, shape theek nahi paisa waste",ORD-4586268,SKU-0817,V-08,Jaipur,Kids tees,Age 8,Navy Blue,Other,,2026-09-10
C-00941,return,"shoulder se tite hai, haath nahi uthta",ORD-4409174,SKU-0415,V-04,Tiruppur,Kids tees,6Y,mustard,Other,,2026-10-02
C-01332,return,"pic me maroon tha, ye to laal hai",ORD-4119385,SKU-1905,V-19,Tiruppur,Leggings,X-Large,Black,Other,,2026-10-02
C-00353,return,late aaya aur length bhi kam hai 👎,ORD-4215720,SKU-0210,V-02,Jaipur,Kurtis,Small,Maroon ,Other,,2026-09-16
C-00700,return,packet khula hua aaya tha 👎,ORD-4905817,SKU-0520,V-05,Tiruppur,Dresses,S,maroon,Other,,2026-08-24
C-01510,return,"shoulder se utar raha hai, bada hai",ORD-4803936,SKU-2106,V-21,Jaipur,Palazzo,XL,MRN,Other,,2026-08-25
C-00004,review,"too tite on the chest, had to return",ORD-4933991,SKU-0705,V-07,Tiruppur,Kurtis,42,pink,,1,2026-09-02
C-00453,review,COLOR IS DIFFERENT FROM THE PICTURE yaar,ORD-4265325,SKU-0205,V-02,Jaipur,Kurtis,Large,navy,,3,2026-08-25
C-01382,return,color is different from the picture return kar diya,ORD-4202186,SKU-1919,V-19,Tiruppur,Leggings,Medium,black,Other,,2026-09-30
C-01630,return,colour alag hai photo se refund chahiye,ORD-4049930,SKU-2202,V-22,Jaipur,Palazzo,36,Black,Other,,2026-09-15
C-01006,return,dusra pasand aa gaya isliye wapas paisa waste,ORD-4397884,SKU-0406,V-04,Tiruppur,Kids tees,4Y,navy,Other,,2026-09-22
C-00974,return,"baju chhoti hai, kalai tak nahi aati return kar diya",ORD-4413058,SKU-0412,V-04,Tiruppur,Kids tees,6Y,mehroon,Other,,2026-10-01
C-00451,return,color is different from the picture paisa waste,ORD-4826570,SKU-0214,V-02,Jaipur,Kurtis,X-Large,nevy,Other,,2026-09-08
C-00075,return,colour alag tha aur size bhi chhota plz jaldi refund karo,ORD-4953673,SKU-0708,V-07,Tiruppur,Kurtis,36,navy,Other,,2026-09-29
C-01894,review,length is too short for me,ORD-4883841,SKU-1113,V-11,Tiruppur,Kurtas,XL,black,,1,2026-09-15
C-01637,review,LATE AAYA AUR LENGTH BHI KAM HAI,ORD-4743150,SKU-2308,V-23,Tiruppur,Palazzo,L,maroon,,3,2026-09-05
C-01098,return,"size bada nikla, ek size chhota mangwana pada return kar diya",ORD-4090415,SKU-0813,V-08,Jaipur,Kids tees,Age 6,red,Other,,2026-09-19
C-01469,return,"PIC ME MAROON THA, YE TO LAAL HAI",ORD-4088255,SKU-2008,V-20,Jaipur,Leggings,L,blk,Other,,2026-09-12
C-00613,return,"size chota hai, L bhi tight lag raha return kar diya",ORD-4417510,SKU-0518,V-05,Tiruppur,Dresses,L,navy,Other,,2026-09-18
C-00438,review,theek nahi laga 👎,ORD-4827183,SKU-0210,V-02,Jaipur,Kurtis,Large,Navy Blue,,1,2026-09-08
C-00158,return,"too tight on the chest, had to return",ORD-4000433,SKU-0715,V-07,Tiruppur,Kurtis,36,mustrd,Other,,2026-08-29
C-00235,return,"baju chhoti hai, kalai tak nahi aati refund chahiye",ORD-4800595,SKU-0116,V-01,Tiruppur,Kurtis,S,Black,Other,,2026-09-02
C-00739,return,kalar alag tha aur size bhi chhota,ORD-4564276,SKU-0618,V-06,Jaipur,Dresses,38,red,Other,,2026-09-19
C-00166,return,cut sahi nahi baithta body pe paisa waste,ORD-4344759,SKU-0703,V-07,Tiruppur,Kurtis,42,black,Other,,2026-09-03
C-00812,return,SILAI KHUL GAYI PEHLE HI DIN,ORD-4713665,SKU-0603,V-06,Jaipur,Dresses,40,nevy,Other,,2026-09-12
C-00055,return,"fitting sahi nahi, ek size bada lena padega",ORD-4787525,SKU-0707,V-07,Tiruppur,Kurtis,38,Maroon ,Other,,2026-08-28
C-01932,review,"short hai, function me nahi pehen sakti plz jaldi refund karo",ORD-4539809,SKU-1119,V-11,Tiruppur,Kurtas,L,Maroon ,,2,2026-08-28
C-00200,return,bad,ORD-4013523,SKU-0708,V-07,Tiruppur,Kurtis,38,maroon,Other,,2026-10-01
C-01827,review,stitching is poor and thread coming out paisa waste,ORD-4147268,SKU-0919,V-09,Jaipur,Kurtas,X-Large,black,,1,2026-09-13
C-02030,return,"rang halka hai, website pe dark tha yaar",ORD-4729891,SKU-0607,V-06,Jaipur,Dresses,40,Maroon ,Other,,2026-09-02
C-01603,review,"gift ke liye liya tha, zaroorat nahi rahi",ORD-4635526,SKU-2206,V-22,Jaipur,Palazzo,38,red,,1,2026-09-13
C-00136,review,"bust pe bahut tight, return kar diya paisa waste",ORD-4735350,SKU-0720,V-07,Tiruppur,Kurtis,42,mustard,,1,2026-09-13
C-01351,review,STITCHING IS POOR AND THREAD COMING OUT,ORD-4441609,SKU-1906,V-19,Tiruppur,Leggings,Small,laal,,1,2026-10-02
C-00635,return,"साइज़ छोटा है, बहुत टाइट है",ORD-4152413,SKU-0510,V-05,Tiruppur,Dresses,L,Black,Other,,2026-09-30
C-01039,return,DUSRA PASAND AA GAYA ISLIYE WAPAS,ORD-4999017,SKU-0408,V-04,Tiruppur,Kids tees,6Y,laal,Other,,2026-08-26
C-01218,return,"बहुत ढीला है, बड़ा साइज़ आ गया 👎",ORD-4639904,SKU-1817,V-18,Tiruppur,Leggings,S,Maroon ,Other,,2026-09-22
C-00492,review,"short hai, function me nahi pehen sakti refund chahiye",ORD-4236433,SKU-1220,V-12,Jaipur,Dresses,X-Large,peach,,1,2026-09-27
C-01501,return,"late aaya, function nikal gaya yaar",ORD-4092310,SKU-2015,V-20,Jaipur,Leggings,XL,black,Other,,2026-08-30
C-00035,review,baju bahut tight hai plz jaldi refund karo,ORD-4494117,SKU-0704,V-07,Tiruppur,Kurtis,42,navy,,2,2026-09-22
C-00265,return,"बहुत ढीला है, बड़ा साइज़ आ गया yaar",ORD-4089115,SKU-0107,V-01,Tiruppur,Kurtis,M,MRN,Other,,2026-09-15
C-00611,return,"bohot dhila hai, hang ho raha refund chahiye",ORD-4415386,SKU-0507,V-05,Tiruppur,Dresses,XL,nevy,Other,,2026-09-27
C-00137,review,"bust pe bhot tite, return kar diya refund chahiye",ORD-4021928,SKU-0716,V-07,Tiruppur,Kurtis,40,maroon,,3,2026-09-03
C-01555,return,"too loose, looks like a sack return kar diya",ORD-4669022,SKU-2207,V-22,Jaipur,Palazzo,38,laal,Other,,2026-09-17
C-01969,review,"pic me maroon tha, ye to laal hai paisa waste",ORD-4450072,SKU-1112,V-11,Tiruppur,Kurtas,XL,peach,,2,2026-09-18
C-01477,return,"rang halka hai, website pe dark tha yaar",ORD-4584618,SKU-2005,V-20,Jaipur,Leggings,M,Maroon ,Other,,2026-10-04
C-00572,review,accha nahi hai ye yaar,ORD-4156162,SKU-1213,V-12,Jaipur,Dresses,Small,black,,1,2026-09-12
C-01763,review,"baju chhoti hai, kalai tak nahi aati refund chahiye",ORD-4010497,SKU-0913,V-09,Jaipur,Kurtas,X-Large,mustrd,,1,2026-09-12
C-01727,review,stitching is poor and thread coming out paisa waste,ORD-4596761,SKU-2311,V-23,Tiruppur,Palazzo,S,MRN,,2,2026-09-11
C-00720,return,baju bahut tight hai 👎,ORD-4731276,SKU-0603,V-06,Jaipur,Dresses,38,MRN,Other,,2026-09-02
C-01732,review,dusra pasand aa gaya isliye wapas yaar,ORD-4044209,SKU-2309,V-23,Tiruppur,Palazzo,M,black,,2,2026-08-28
C-00544,return,"length bohot kam hai, photo me lamba dikh raha tha",ORD-4474276,SKU-1218,V-12,Jaipur,Dresses,X-Large,mustrd,Other,,2026-10-02
C-01600,review,"gift ke liye liya tha, zaroorat nahi rahi yaar",ORD-4360920,SKU-2209,V-22,Jaipur,Palazzo,40,blk,,2,2026-09-17
C-00248,review,"too tight on the chest, had to return",ORD-4731043,SKU-0112,V-01,Tiruppur,Kurtis,XL,Black,,1,2026-09-27
C-01943,return,"बहुत ढीला है, बड़ा साइज़ आ गया 👎",ORD-4883082,SKU-1115,V-11,Tiruppur,Kurtas,M,black,Other,,2026-09-27
C-01490,review,"कपड़ा बहुत पतला है, घटिया क्वालिटी refund chahiye",ORD-4440204,SKU-2007,V-20,Jaipur,Leggings,L,maroon,,1,2026-09-02
C-01388,review,"too loose, looks like a sack",ORD-4256196,SKU-2002,V-20,Jaipur,Leggings,XL,MRN,,2,2026-09-13
C-00144,review,"too tight on the chest, had to return",ORD-4562730,SKU-0702,V-07,Tiruppur,Kurtis,40,mustard,,1,2026-09-07
C-01743,return,dhone pe rang nikal gaya aur sikud gaya,ORD-4368113,SKU-2319,V-23,Tiruppur,Palazzo,M,maroon,Other,,2026-08-31
C-00768,review,GHUTNE SE UPAR AA RAHA HAI paisa waste,ORD-4757394,SKU-0605,V-06,Jaipur,Dresses,36,laal,,1,2026-09-05
C-01228,return,"late aaya, function nikal gaya 👎",ORD-4142482,SKU-1819,V-18,Tiruppur,Leggings,L,pink,Other,,2026-09-27
C-00584,return,"gift ke liye liya tha, zaroorat nahi rahi yaar",ORD-4741666,SKU-1216,V-12,Jaipur,Dresses,Small,laal,Other,,2026-09-08
C-00313,return,"fabric cheap lagta hai, photo jaisa nahi",ORD-4070674,SKU-0118,V-01,Tiruppur,Kurtis,S,Black,Other,,2026-10-04
C-01304,review,"TOO LOOSE, LOOKS LIKE A SACK 👎",ORD-4630251,SKU-1920,V-19,Tiruppur,Leggings,Large,red,,3,2026-09-14
C-00247,return,"size chota hai, XL bhi tight lag raha",ORD-4017489,SKU-0113,V-01,Tiruppur,Kurtis,XL,blk,Other,,2026-09-25
C-00708,review,pasand nahi aaya mujhe yaar,ORD-4338672,SKU-0507,V-05,Tiruppur,Dresses,XL,blk,,1,2026-09-30
C-00904,return,"kamar pe loose hai, baaki theek return kar diya",ORD-4946516,SKU-0319,V-03,Tiruppur,Kids tees,8-9 yrs,laal,Other,,2026-09-27
C-00135,return,GHUTNE SE UPAR AA RAHA HAI yaar,ORD-4009104,SKU-0701,V-07,Tiruppur,Kurtis,36,laal,Other,,2026-09-19
C-00906,review,"kamar pe loose hai, baaki theek",ORD-4615490,SKU-0308,V-03,Tiruppur,Kids tees,6-7 yrs,laal,,2,2026-09-09
C-00372,review,"short hai, function me nahi pehen sakti return kar diya",ORD-4793219,SKU-0203,V-02,Jaipur,Kurtis,Small,black,,1,2026-10-02
C-00193,review,"kapda patla hai, ek dhulai me kharab ho gaya paisa waste",ORD-4717258,SKU-0702,V-07,Tiruppur,Kurtis,36,mustrd,,1,2026-09-14
C-01933,return,"too loose, looks like a sack return kar diya",ORD-4043914,SKU-1108,V-11,Tiruppur,Kurtas,M,mehroon,Other,,2026-09-10
C-02025,return,silai khul gayi pehle hi din return kar diya,ORD-4812210,SKU-0811,V-08,Jaipur,Kids tees,Age 8,Navy Blue,Other,,2026-09-21
C-01063,return,"बहुत ढीला है, बड़ा साइज़ आ गया return kar diya",ORD-4663176,SKU-0814,V-08,Jaipur,Kids tees,Age 4,Black,Other,,2026-09-15
C-01570,return,"chest pe fit nahi aa raha, chhota hai",ORD-4693092,SKU-2219,V-22,Jaipur,Palazzo,38,navy,Other,,2026-10-03
C-01878,return,"DELIVERY BAHUT DER SE HUI, AB ZAROORAT NAHI",ORD-4575551,SKU-0912,V-09,Jaipur,Kurtas,X-Large,pink,Other,,2026-09-18
C-01340,review,"कपड़ा बहुत पतला है, घटिया क्वालिटी yaar",ORD-4036275,SKU-1910,V-19,Tiruppur,Leggings,Large,peach,,3,2026-09-08
C-01802,review,bacche ko bohot dhila hai yaar,ORD-4328755,SKU-0901,V-09,Jaipur,Kurtas,X-Large,MRN,,1,2026-08-31
C-01488,return,silai khul gayi pehle hi din paisa waste,ORD-4163159,SKU-2001,V-20,Jaipur,Leggings,S,blk,Other,,2026-10-03
C-01588,review,bad,ORD-4693353,SKU-2205,V-22,Jaipur,Palazzo,38,mustrd,,2,2026-10-01
C-01841,return,silai khul gayi pehle hi din 👎,ORD-4854360,SKU-0917,V-09,Jaipur,Kurtas,Medium,mehroon,Other,,2026-09-13
C-01260,return,stitching is poor and thread coming out 👎,ORD-4832881,SKU-1817,V-18,Tiruppur,Leggings,M,mehroon,Other,,2026-09-20
C-00545,return,"rang alag hai, upar se bust pe tite",ORD-4351830,SKU-1214,V-12,Jaipur,Dresses,Large,red,Other,,2026-09-30
C-00401,review,color is different from the picture return kar diya,ORD-4369625,SKU-0217,V-02,Jaipur,Kurtis,Large,nevy,,1,2026-09-02
C-00853,review,"kamar pe loose hai, baaki theek yaar",ORD-4579956,SKU-0303,V-03,Tiruppur,Kids tees,4-5 yrs,pink,,1,2026-09-19
C-01579,return,"shoulder se tight hai, haath nahi uthta",ORD-4820178,SKU-2213,V-22,Jaipur,Palazzo,40,peach,Other,,2026-09-19
C-01027,return,,ORD-4146950,SKU-0408,V-04,Tiruppur,Kids tees,4Y,mehroon,Other,,2026-09-24
C-01188,return,colour alag tha aur size bhi chhota,ORD-4102271,SKU-1813,V-18,Tiruppur,Leggings,XL,navy,Other,,2026-09-29
C-00461,return,"fitting sahi nahi, ek size bada lena padega return kar diya",ORD-4967042,SKU-1203,V-12,Jaipur,Dresses,Medium,Maroon ,Other,,2026-09-27
C-00831,return,"kapda patla hai, ek dhulai me kharab ho gaya",ORD-4136655,SKU-0607,V-06,Jaipur,Dresses,36,Navy Blue,Other,,2026-09-29
C-01263,return,"arrived after the wedding, no use now",ORD-4197620,SKU-1819,V-18,Tiruppur,Leggings,M,pink,Other,,2026-09-07
C-01150,review,dhone pe rang nikal gaya aur sikud gaya yaar,ORD-4781500,SKU-0810,V-08,Jaipur,Kids tees,Age 6,maroon,,2,2026-09-11
C-00474,return,"BAJU CHHOTI HAI, KALAI TAK NAHI AATI yaar",ORD-4709882,SKU-1208,V-12,Jaipur,Dresses,X-Large,MRN,Other,,2026-09-09
C-00455,review,theek nahi laga yaar,ORD-4794962,SKU-0204,V-02,Jaipur,Kurtis,Small,mustard,,2,2026-08-24
C-01527,return,"बहुत ढीला है, बड़ा साइज़ आ गया",ORD-4878311,SKU-2201,V-22,Jaipur,Palazzo,38,Navy Blue,Other,,2026-09-24
C-01117,review,"too loose, looks like a sack",ORD-4129866,SKU-0805,V-08,Jaipur,Kids tees,Age 8,pink,,1,2026-09-03
C-00388,review,"baju chhoti hai, kalai tak nahi aati yaar",ORD-4826413,SKU-0201,V-02,Jaipur,Kurtis,Small,navy,,2,2026-09-27
C-00444,review,galti se order ho gaya tha,ORD-4682647,SKU-0216,V-02,Jaipur,Kurtis,X-Large,MRN,,2,2026-08-31
C-00484,return,"LENGTH BHOT KAM HAI, PHOTO ME LAMBA DIKH RAHA THA",ORD-4889543,SKU-1204,V-12,Jaipur,Dresses,Medium,laal,Other,,2026-09-05
C-01807,return,"fitting sahi nahi, ek size bada lena padega plz jaldi refund karo",ORD-4160759,SKU-0909,V-09,Jaipur,Kurtas,Large,MRN,Other,,2026-09-04
C-01023,review,"delivery bohot der se hui, ab zaroorat nahi",ORD-4639281,SKU-0412,V-04,Tiruppur,Kids tees,2Y,maroon,,1,2026-10-03
C-01290,review,"length bohot kam hai, photo me lamba dikh raha tha plz jaldi refund karo",ORD-4551737,SKU-1911,V-19,Tiruppur,Leggings,X-Large,pink,,2,2026-09-11
C-01090,review,"short hai, function me nahi pehen sakti",ORD-4207660,SKU-0803,V-08,Jaipur,Kids tees,Age 6,black,,2,2026-09-20
C-00412,return,"tag nahi tha, used lag raha tha refund chahiye",ORD-4413635,SKU-0211,V-02,Jaipur,Kurtis,Large,blk,Other,,2026-08-29
C-00562,review,color is different from the picture,ORD-4323055,SKU-1218,V-12,Jaipur,Dresses,Small,Navy Blue,,2,2026-09-21
C-01838,return,stitching is poor and thread coming out,ORD-4565650,SKU-0920,V-09,Jaipur,Kurtas,Large,MRN,Other,,2026-08-29
C-01204,return,length is too short for me paisa waste,ORD-4773974,SKU-1815,V-18,Tiruppur,Leggings,L,laal,Other,,2026-08-24
C-00308,review,"DELIVERY BOHOT DER SE HUI, AB ZAROORAT NAHI",ORD-4430821,SKU-0114,V-01,Tiruppur,Kurtis,L,navy,,3,2026-09-30
C-01986,return,stitching is poor and thread coming out,ORD-4051030,SKU-1115,V-11,Tiruppur,Kurtas,XL,mustrd,Other,,2026-09-14
C-01265,review,stitching is poor and thread coming out plz jaldi refund karo,ORD-4698114,SKU-1809,V-18,Tiruppur,Leggings,S,maroon,,1,2026-09-17
C-01561,return,"length bhot kam hai, photo me lamba dikh raha tha",ORD-4968738,SKU-2205,V-22,Jaipur,Palazzo,36,Maroon ,Other,,2026-10-01
C-00152,return,"too tight on the chest, had to return",ORD-4846895,SKU-0711,V-07,Tiruppur,Kurtis,42,maroon,Other,,2026-08-24
C-00843,review,"SHOULDER SE UTAR RAHA HAI, BADA HAI 👎",ORD-4452319,SKU-0310,V-03,Tiruppur,Kids tees,2-3 yrs,MRN,,1,2026-09-07
C-00012,return,"fitting sahi nahi, ek size bada lena padega refund chahiye",ORD-4191001,SKU-0711,V-07,Tiruppur,Kurtis,40,red,Other,,2026-09-03
C-00787,return,color is different from the picture,ORD-4763265,SKU-0608,V-06,Jaipur,Dresses,42,mehroon,Other,,2026-09-24
C-01079,return,"bahut lamba hai, zameen pe lag raha",ORD-4617900,SKU-0803,V-08,Jaipur,Kids tees,Age 2,pink,Other,,2026-08-25
C-00365,return,"bust pe bhot tight, return kar diya 👎",ORD-4452030,SKU-0220,V-02,Jaipur,Kurtis,Small,nevy,Other,,2026-09-05
C-00949,return,"bust pe bhot tite, return kar diya refund chahiye",ORD-4813603,SKU-0405,V-04,Tiruppur,Kids tees,8Y,Navy Blue,Other,,2026-09-17
C-00778,return,kalar alag tha aur size bhi chhota refund chahiye,ORD-4462032,SKU-0614,V-06,Jaipur,Dresses,40,pink,Other,,2026-09-21
C-00435,review,"delivery bahut der se hui, ab zaroorat nahi paisa waste",ORD-4018878,SKU-0220,V-02,Jaipur,Kurtis,Small,red,,2,2026-10-01
C-01586,review,"TAG NAHI THA, USED LAG RAHA THA",ORD-4985058,SKU-2203,V-22,Jaipur,Palazzo,40,black,,2,2026-09-19
C-00902,return,"too loose, looks like a sack return kar diya",ORD-4027374,SKU-0304,V-03,Tiruppur,Kids tees,6-7 yrs,Navy Blue,Other,,2026-09-02
C-01975,review,silai khul gayi pehle hi din paisa waste,ORD-4310425,SKU-1111,V-11,Tiruppur,Kurtas,L,MRN,,1,2026-09-01
C-01432,return,ghutne se upar aa raha hai plz jaldi refund karo,ORD-4035614,SKU-2002,V-20,Jaipur,Leggings,M,Navy Blue,Other,,2026-09-24
C-00740,return,"साइज़ छोटा है, बहुत टाइट है",ORD-4559730,SKU-0611,V-06,Jaipur,Dresses,36,pink,Other,,2026-08-27
C-00409,return,silai khul gayi pehle hi din refund chahiye,ORD-4425872,SKU-0219,V-02,Jaipur,Kurtis,Large,blk,Other,,2026-10-01
C-01714,return,packet khula hua aaya tha return kar diya,ORD-4040490,SKU-2316,V-23,Tiruppur,Palazzo,M,mustrd,Other,,2026-09-29
C-01655,review,"length bhot kam hai, photo me lamba dikh raha tha refund chahiye",ORD-4285574,SKU-2304,V-23,Tiruppur,Palazzo,L,peach,,2,2026-10-01
C-00146,return,"bust pe bhot tight, return kar diya",ORD-4177131,SKU-0701,V-07,Tiruppur,Kurtis,42,blk,Other,,2026-09-26
C-00639,return,"kamar pe tight hai, saans nahi aati paisa waste",ORD-4269003,SKU-0514,V-05,Tiruppur,Dresses,M,mustrd,Other,,2026-09-14
C-01609,review,"pic me maroon tha, ye to laal hai plz jaldi refund karo",ORD-4720464,SKU-2210,V-22,Jaipur,Palazzo,38,nevy,,2,2026-08-31
C-01513,return,wapas kar diya bas yaar,ORD-4134763,SKU-2116,V-21,Jaipur,Palazzo,L,MRN,Other,,2026-10-04
C-01861,review,PACKET KHULA HUA AAYA THA,ORD-4785382,SKU-0914,V-09,Jaipur,Kurtas,Medium,maroon,,2,2026-09-13
C-00701,return,"rang halka hai, website pe dark tha plz jaldi refund karo",ORD-4475088,SKU-0515,V-05,Tiruppur,Dresses,M,Maroon ,Other,,2026-09-26
C-00735,return,"bust pe bohot tite, return kar diya",ORD-4543079,SKU-0620,V-06,Jaipur,Dresses,36,Maroon ,Other,,2026-09-30
C-00593,return,"pic me maroon tha, ye to laal hai yaar",ORD-4050402,SKU-1209,V-12,Jaipur,Dresses,Small,mustard,Other,,2026-08-24
C-01978,return,"rang halka hai, website pe dark tha return kar diya",ORD-4190684,SKU-1115,V-11,Tiruppur,Kurtas,S,mustrd,Other,,2026-09-04
C-00732,review,BACCHE KO BHOT DHEELA HAI yaar,ORD-4688116,SKU-0607,V-06,Jaipur,Dresses,42,mustard,,2,2026-08-30
C-01187,return,"BHOT DHEELA HAI, HANG HO RAHA",ORD-4833675,SKU-1809,V-18,Tiruppur,Leggings,XL,mehroon,Other,,2026-09-08
C-02026,return,"length zyada hai, katwana padega",ORD-4116297,SKU-1818,V-18,Tiruppur,Leggings,M,mustrd,Other,,2026-09-14
C-01046,return,galti se order ho gaya tha,ORD-4389140,SKU-0419,V-04,Tiruppur,Kids tees,8Y,pink,Other,,2026-08-26
C-00969,return,"length bhot kam hai, photo me lamba dikh raha tha return kar diya",ORD-4097450,SKU-0405,V-04,Tiruppur,Kids tees,4Y,maroon,Other,,2026-09-02
C-01647,return,"बहुत ढीला है, बड़ा साइज़ आ गया refund chahiye",ORD-4245273,SKU-2303,V-23,Tiruppur,Palazzo,M,mustrd,Other,,2026-09-04
C-01593,review,"pic me maroon tha, ye to laal hai return kar diya",ORD-4377853,SKU-2202,V-22,Jaipur,Palazzo,42,Black,,2,2026-09-17
C-00296,review,"pic me maroon tha, ye to laal hai return kar diya",ORD-4474453,SKU-0111,V-01,Tiruppur,Kurtis,L,pink,,2,2026-09-14
C-00551,return,GHUTNE SE UPAR AA RAHA HAI,ORD-4524251,SKU-1216,V-12,Jaipur,Dresses,Large,navy,Other,,2026-09-17
C-00748,review,cut sahi nahi baithta body pe plz jaldi refund karo,ORD-4558137,SKU-0602,V-06,Jaipur,Dresses,36,navy,,1,2026-09-12
C-01127,review,kalar alag hai photo se,ORD-4744989,SKU-0816,V-08,Jaipur,Kids tees,Age 6,Maroon ,,2,2026-08-24
C-01220,return,ghutne se upar aa raha hai plz jaldi refund karo,ORD-4305406,SKU-1806,V-18,Tiruppur,Leggings,L,laal,Other,,2026-09-20
C-01168,return,"rang halka hai, website pe dark tha paisa waste",ORD-4467227,SKU-0806,V-08,Jaipur,Kids tees,Age 2,Navy Blue,Other,,2026-09-10
C-01408,review,"too loose, looks like a sack plz jaldi refund karo",ORD-4859168,SKU-2019,V-20,Jaipur,Leggings,M,red,,3,2026-09-14
C-00115,review,"too tight on the chest, had to return return kar diya",ORD-4115382,SKU-0705,V-07,Tiruppur,Kurtis,42,mustrd,,1,2026-09-18
C-01614,review,jaisa socha tha waisa nahi nikla,ORD-4420483,SKU-2216,V-22,Jaipur,Palazzo,42,Navy Blue,,3,2026-09-25
C-00963,review,"साइज़ छोटा है, बहुत टाइट है 👎",ORD-4889535,SKU-0417,V-04,Tiruppur,Kids tees,8Y,black,,2,2026-10-01
C-01629,return,"galat product aaya, maine ye nahi mangwaya",ORD-4798719,SKU-2212,V-22,Jaipur,Palazzo,42,black,Other,,2026-08-29
C-00508,return,"baju chhoti hai, kalai tak nahi aati return kar diya",ORD-4497102,SKU-1218,V-12,Jaipur,Dresses,Small,nevy,Other,,2026-10-03
C-00477,review,GHUTNE SE UPAR AA RAHA HAI plz jaldi refund karo,ORD-4392509,SKU-1205,V-12,Jaipur,Dresses,X-Large,Black,,3,2026-09-23
C-00407,return,"कपड़ा बहुत पतला है, घटिया क्वालिटी 👎",ORD-4862548,SKU-0204,V-02,Jaipur,Kurtis,X-Large,blk,Other,,2026-08-24
C-00741,return,"kamar pe tight hai, saans nahi aati",ORD-4127619,SKU-0619,V-06,Jaipur,Dresses,40,nevy,Other,,2026-09-18
C-00850,review,"baju lambi hai, mod ke pehenna padta plz jaldi refund karo",ORD-4496125,SKU-0314,V-03,Tiruppur,Kids tees,6-7 yrs,MRN,,1,2026-09-12
C-00362,review,"size bada nikla, ek size chhota mangwana pada return kar diya",ORD-4948529,SKU-0202,V-02,Jaipur,Kurtis,X-Large,Navy Blue,,3,2026-08-27
C-01386,review,color is different from the picture,ORD-4639370,SKU-1910,V-19,Tiruppur,Leggings,Medium,laal,,1,2026-10-03
C-00217,return,"bust pe bahut tight, return kar diya",ORD-4884878,SKU-0111,V-01,Tiruppur,Kurtis,L,mustrd,Other,,2026-08-28
C-00126,review,"bust pe bohot tight, return kar diya plz jaldi refund karo",ORD-4018370,SKU-0710,V-07,Tiruppur,Kurtis,38,maroon,,1,2026-09-06
C-01279,return,BAJU BAHUT TITE HAI,ORD-4172970,SKU-1908,V-19,Tiruppur,Leggings,Medium,laal,Other,,2026-10-02
C-00117,review,cut sahi nahi baithta body pe refund chahiye,ORD-4718017,SKU-0701,V-07,Tiruppur,Kurtis,40,mehroon,,3,2026-10-03
C-01009,review,silai khul gayi pehle hi din refund chahiye,ORD-4005045,SKU-0409,V-04,Tiruppur,Kids tees,2Y,laal,,2,2026-09-09
C-00936,review,"SHOULDER SE UTAR RAHA HAI, BADA HAI refund chahiye",ORD-4974557,SKU-0409,V-04,Tiruppur,Kids tees,2Y,peach,,2,2026-09-10
C-01059,return,"bhot lamba hai, zameen pe lag raha",ORD-4542781,SKU-0805,V-08,Jaipur,Kids tees,Age 4,pink,Other,,2026-09-10
C-00351,return,"बहुत ढीला है, बड़ा साइज़ आ गया return kar diya",ORD-4433726,SKU-0208,V-02,Jaipur,Kurtis,Small,maroon,Other,,2026-09-13
C-00849,review,"size bada nikla, ek size chhota mangwana pada",ORD-4940426,SKU-0302,V-03,Tiruppur,Kids tees,2-3 yrs,Navy Blue,,2,2026-08-29
C-00981,return,"bohot dhila hai, hang ho raha",ORD-4664405,SKU-0419,V-04,Tiruppur,Kids tees,2Y,MRN,Other,,2026-08-27
C-00404,return,"gift ke liye liya tha, zaroorat nahi rahi 👎",ORD-4311142,SKU-0218,V-02,Jaipur,Kurtis,Medium,navy,Other,,2026-09-11
C-00818,return,"tag nahi tha, used lag raha tha plz jaldi refund karo",ORD-4551518,SKU-0604,V-06,Jaipur,Dresses,42,mehroon,Other,,2026-08-24
C-01025,return,"fabric cheap lagta hai, photo jaisa nahi plz jaldi refund karo",ORD-4482762,SKU-0404,V-04,Tiruppur,Kids tees,4Y,pink,Other,,2026-08-24
C-00986,return,"साइज़ छोटा है, बहुत टाइट है 👎",ORD-4340064,SKU-0407,V-04,Tiruppur,Kids tees,4Y,red,Other,,2026-09-18
C-00822,return,"arrived after the wedding, no use now return kar diya",ORD-4244777,SKU-0606,V-06,Jaipur,Dresses,38,peach,Other,,2026-09-05
C-01915,return,"KAMAR PE TITE HAI, SAANS NAHI AATI 👎",ORD-4540640,SKU-1112,V-11,Tiruppur,Kurtas,S,mustrd,Other,,2026-09-24
C-01708,review,color alag hai photo se yaar,ORD-4830280,SKU-2319,V-23,Tiruppur,Palazzo,M,navy,,2,2026-09-26
C-01086,return,"length bohot kam hai, photo me lamba dikh raha tha",ORD-4454032,SKU-0804,V-08,Jaipur,Kids tees,Age 4,red,Other,,2026-09-09
C-00271,return,baju bohot tight hai 👎,ORD-4660609,SKU-0109,V-01,Tiruppur,Kurtis,XL,Maroon ,Other,,2026-09-15
C-00671,return,dusra pasand aa gaya isliye wapas,ORD-4595123,SKU-0512,V-05,Tiruppur,Dresses,S,navy,Other,,2026-08-28
C-00510,review,"short hai, function me nahi pehen sakti plz jaldi refund karo",ORD-4614554,SKU-1212,V-12,Jaipur,Dresses,Medium,nevy,,1,2026-08-31
C-01280,return,"kamar pe loose hai, baaki theek",ORD-4329471,SKU-1920,V-19,Tiruppur,Leggings,X-Large,laal,Other,,2026-09-16
C-01482,return,"delivery bohot der se hui, ab zaroorat nahi plz jaldi refund karo",ORD-4498122,SKU-2018,V-20,Jaipur,Leggings,XL,blk,Other,,2026-09-01
C-01785,return,"BUST PE BAHUT TIGHT, RETURN KAR DIYA return kar diya",ORD-4033546,SKU-0920,V-09,Jaipur,Kurtas,Large,Maroon ,Other,,2026-09-06
C-01224,review,wapas kar diya bas plz jaldi refund karo,ORD-4630083,SKU-1814,V-18,Tiruppur,Leggings,S,Navy Blue,,1,2026-09-14
C-01598,return,color alag hai photo se,ORD-4572828,SKU-2218,V-22,Jaipur,Palazzo,38,pink,Other,,2026-10-04
C-01998,review,.,ORD-4420763,SKU-1117,V-11,Tiruppur,Kurtas,XL,MRN,,2,2026-09-11
C-00989,return,"bust pe bhot tight, return kar diya return kar diya",ORD-4902290,SKU-0411,V-04,Tiruppur,Kids tees,6Y,Navy Blue,Other,,2026-10-02
C-01472,review,bad,ORD-4122274,SKU-2006,V-20,Jaipur,Leggings,L,pink,,2,2026-09-06
C-00418,review,"gift ke liye liya tha, zaroorat nahi rahi",ORD-4696855,SKU-0218,V-02,Jaipur,Kurtis,X-Large,navy,,1,2026-08-25
C-01181,review,"length zyada hai, katwana padega 👎",ORD-4869176,SKU-1817,V-18,Tiruppur,Leggings,M,mehroon,,2,2026-09-11
C-00686,return,"galat product aaya, maine ye nahi mangwaya",ORD-4059773,SKU-0510,V-05,Tiruppur,Dresses,L,mustrd,Other,,2026-08-31
C-01433,return,"fitting ajeeb hai, shape theek nahi",ORD-4368081,SKU-2007,V-20,Jaipur,Leggings,S,mustard,Other,,2026-09-09
C-01379,review,"fabric cheap lagta hai, photo jaisa nahi plz jaldi refund karo",ORD-4958885,SKU-1901,V-19,Tiruppur,Leggings,Small,Black,,1,2026-09-29
C-00937,return,"bust pe bohot tight, return kar diya plz jaldi refund karo",ORD-4725767,SKU-0401,V-04,Tiruppur,Kids tees,8Y,Navy Blue,Other,,2026-09-27
C-00429,return,kalar alag hai photo se 👎,ORD-4050300,SKU-0218,V-02,Jaipur,Kurtis,Small,peach,Other,,2026-08-24
C-00722,return,"fitting ajeeb hai, shape theek nahi paisa waste",ORD-4401901,SKU-0619,V-06,Jaipur,Dresses,36,navy,Other,,2026-08-31
C-01223,return,dhone pe rang nikal gaya aur sikud gaya paisa waste,ORD-4413496,SKU-1810,V-18,Tiruppur,Leggings,S,navy,Other,,2026-08-30
C-01244,return,"delivery bhot der se hui, ab zaroorat nahi return kar diya",ORD-4706857,SKU-1814,V-18,Tiruppur,Leggings,M,pink,Other,,2026-09-03
C-00335,return,"fitting sahi nahi, ek size bada lena padega",ORD-4365106,SKU-0205,V-02,Jaipur,Kurtis,X-Large,mehroon,Other,,2026-09-28
C-01135,return,"कपड़ा बहुत पतला है, घटिया क्वालिटी paisa waste",ORD-4465645,SKU-0811,V-08,Jaipur,Kids tees,Age 6,navy,Other,,2026-08-26
C-00001,return,"fitting sahi nahi, ek size bada lena padega 👎",ORD-4500178,SKU-0720,V-07,Tiruppur,Kurtis,38,nevy,Other,,2026-08-31
C-00252,return,"baju chhoti hai, kalai tak nahi aati paisa waste",ORD-4120579,SKU-0115,V-01,Tiruppur,Kurtis,S,black,Other,,2026-09-04
C-01139,return,.,ORD-4819415,SKU-0807,V-08,Jaipur,Kids tees,Age 8,MRN,Other,,2026-08-31
C-00511,return,"size chota hai, S bhi tite lag raha plz jaldi refund karo",ORD-4062431,SKU-1216,V-12,Jaipur,Dresses,Small,black,Other,,2026-09-25
C-01808,return,"chest pe fit nahi aa raha, chhota hai 👎",ORD-4006492,SKU-0912,V-09,Jaipur,Kurtas,Large,peach,Other,,2026-09-20
C-00232,return,"baju chhoti hai, kalai tak nahi aati 👎",ORD-4391956,SKU-0112,V-01,Tiruppur,Kurtis,XL,black,Other,,2026-09-28
